idcc,freq_guide,niveaux_actuels,statut,source_verifiee,date_grille,notes
413,136,8,fait,"7+ sources croisées (tousvosactes-avocat-ms, la-paie-facile, mesdroitsmesrecours, eworky, laminute-entreprise)",2026 (point gelé depuis 07/2022),"TRANCHÉ: valeur point Nexem 3,93€ retenue (majoritaire secteur, inchangée depuis juillet 2022) + ISS 9,21% incluse pour filière éducative/soin non-cadre. Coefficients réels croisés sur 7+ sources: Agent service/AES 373->1600,86€; Moniteur-adjoint animation 378->1622,36€; Moniteur-éducateur 411->1763,98€; Éduc.spé/EJE 434->1862,68€; Infirmier DE 479->2055,62€ à 782->3355,53€; Psychologue (sans ISS, cadre) 700->2751€ à 900->3537€; Cadre classe 1 800->3144€ (sans ISS). Non-Nexem: point 3,82€ (avenant 361, 9/06/2021). ATTENTION: les coefficients d'entrée bas passent sous le SMIC (1867,02€ au 01/06/2026) -> SMIC s'applique à la place, + Ségur/Laforcade 248€ pour les non-cadres concernés. Schéma 'fixed' utilisé, ISS/SMIC-floor à gérer en logique applicative séparée."
7024,90,7,fait,juristique.org (page complète),2026-01-20,"Production agricole/CUMA. Table complète 12 paliers horaires: 12,02€ à 24,16€. Avenant n°10 du 20/01/2026 — statut extension: en attente au moment de l'article (à reconfirmer, l'avenant n°9 précédent lui était déjà étendu 01/07/2025)."
1978,62,9,MISMATCH_A_SIGNALER,,,"Contenu actuel = 'crédit mutuel' mais IDCC 1978 réel = fleuristes/jardineries/animaleries (brochure 3010, confirmé Légifrance). A signaler à l'autre agent, pas corrigé ici."
1501,42,9,partiel,juristique.org(cherché),2025-06-01,"Avenant 72 confirmé (11,88€-17,34€/h) mais détail par échelon à compléter"
3219,25,6,MISMATCH_A_SIGNALER,,,"Contenu actuel = 'doublage' mais le tout premier README de session identifiait déjà 3219=portage salarial / 10=doublage comme inversés. Bug connu, pas corrigé ici."
1411,23,6,a_verifier_identite,,,"IDCC 1411 réel = Fabrication de l'ameublement (brochure 3155). Contenu actuel = labels commerciaux (employé commercial, technico-commercial, chef de rayon) qui collent mal à un secteur manufacturier. Pas confirmé mismatch mais suspect - à vérifier par l'autre agent avant de chercher une grille."
3109,23,7,MISMATCH_A_SIGNALER,juristique.org+legisocial+advizexperts,2026-01-01,"IDCC 3109 réel = '5 branches industries alimentaires diverses' (brochure 3384), grille confirmée 1841,03€-5294,03€, avenant n°31 16/01/2026 étendu. MAIS contenu actuel du fichier = boucher/poissonnier/primeur (commerce détail), pas de rapport. A signaler."
1516,22,6,fait,juristique.org,2025-01-01,"Grille annuelle 31 paliers confirmée, 22090€-68604€"
2002,22,6,MISMATCH_A_SIGNALER,,,Contenu actuel = 'conduite ferroviaire' mais IDCC 2002 réel = teinturerie/pressing (confirmé par l'audit du guide). A signaler.
2148,22,6,fait,juristique.org(kali),2026-01-23,"Grille annuelle groupes A-G confirmée, 22757€-84250€"
2528,22,5,MISMATCH_A_SIGNALER,,,Contenu actuel = 'saisonnier réception/animation' (tourisme?) mais IDCC 2528 réel = maroquinerie (confirmé). A signaler.
1702,21,5,fait,salairebtp.fr+juristique.org (plusieurs régions croisées),2026-01-01,"Travaux publics OUVRIERS - identité confirmée DARES. IMPORTANT: grille RÉGIONALE, pas nationale unique (chaque région FRTP négocie son propre barème, 1,2%-2,9% de hausse 2026 selon régions). Repère Bretagne (accord 9/12/2025 étendu, maj FNTP 24/02/2026): Niveau I coef.100 = 23 863€/an, Niveau IV coef.180 = 34 529€/an. Autres régions 2026: Grand Est 23 294-33 525€, Nouvelle-Aquitaine 23 242-34 040€, IDF 23 709-34 569€ (certaines encore non étendues). Un seul chiffre 'national' serait trompeur — si le schéma doit rester simple, Bretagne est une base raisonnable mais à annoter clairement comme variable selon région."
2247,21,6,MISMATCH_A_SIGNALER,travail-industrie.com,,"IDCC 2247 réel = Courtage d'assurances/réassurances (brochure 3110) — gestionnaires, chargés clientèle, cadres techniques. Contenu actuel = 'Ouvrier(ère)/Employé(e) débutant coef 100' générique industrie. Incohérent (courtage = bureau, pas ouvrier). A signaler."
3017,19,6,partiel,juristique.org (fourchette seulement),2026-01-01,"Ports/manutention. Malgré nouvelle tentative de fetch complet, cette page ne contient QUE la fourchette globale (1865€-8092€, ou 1977€ salaire mini mensuel selon FAQ), pas le détail par niveau/échelon. Avenant n°21 du 4/12/2025, en attente d'extension. À compléter via une autre source si le détail est nécessaire."
3238,18,6,fait,juristique.org (page complète),2026-01-01,"Papiers-cartons. Table complète: OETAM 15 échelons (1843€ à 3258€) + Cadres 6 niveaux (RAM annuelle 32000€ à 66307€, soit ~2133€ à 4420€/mois à 80%). Avenants n°21/22/23 du 30/01/2026, en attente d'extension au moment de l'article."
2691,17,5,fait,"juristique.org (page complète, 5 tableaux)",2026-03-01,"Enseignement privé indépendant - COMPLET. Avenant n°69 13/06/2025, étendu arrêté 6/02/2026 (JO 12/02/2026), effectif 01/03/2026. 5 grilles distinctes (admin E1-C3, encadrement péda E1-C3, enseignant niv.1-10, enseignant-chercheur, EAD), chacune x3 échelons A/B/C. Repères échelon A: admin E1=1915,51€ à C3=4193,78€; enseignant niv.1=2107,06€ à niv.10=2856,35€. Détail complet des 3 échelons dans la source."
2642,16,5,partiel,USPA identifiée mais inaccessible (robots) ; sources secondaires rejetées (incohérentes),,"Production audiovisuelle - identité DARES confirmée. MAIS: sources secondaires trouvées (clakprod.com, plusieurs articles) se CONTREDISENT sur le niveau 1 (1747€ / 1800€ / 2100€ selon l'article, même site) — signal net de contenu peu fiable, probablement généré automatiquement, à ne PAS utiliser. La vraie source primaire existe (USPA, syndicat employeur signataire, avenant n°19 'fiction et flux', grille officielle au 01/01/2026 mentionnée) mais bloque l'accès automatisé (robots.txt). Non résolu — nécessite consultation manuelle de uspa.fr/conventions-collectives-et-accords-sociaux par un humain."
3218,16,6,MISMATCH_A_SIGNALER,légifrance+synadic.fr,,IDCC 3218 réel = Enseignement privé non lucratif (EPNL). Contenu actuel = 'Coursier(ère)/Porteur(se) débutant(e)' (messagerie). Aucun rapport. A signaler.
1760,15,6,MISMATCH_A_SIGNALER,laconventioncollective.com,,IDCC 1760 réel = Jardineries et graineteries. Contenu actuel = 'Agent d'accueil addictologie / Travailleur social'. Aucun rapport. A signaler.
3233,15,6,MISMATCH_A_SIGNALER,cobham-solutions.fr,,"IDCC 3233 réel = Industrie de la fabrication des ciments (a remplacé les anciens 832/833 en 2019). Contenu actuel = 'Formateur(rice) N1/N2' — quasi identique au contenu de 1516 (organismes de formation), probable copie erronée. A signaler."
218,12,9,partiel,convention.fr+jooble (offres réelles),2026-01-01,"Identité CORRECTE : organismes de sécurité sociale (CPAM/CAF/URSSAF), coefficient/points UCANSS, secrétariat plausible. Pas de tableau officiel unique trouvé (grosse réforme classification 2024-2026 en cours), mais points réels récents via offres d'emploi UCANSS: coef 252->2161€, coef 277->2351€, coef 305->2527€, coef 320->2678€, coef 360->3036€ (Ségur inclus). À affiner avec le texte de l'accord du 22/11/2024 si besoin de précision totale."
7025,12,6,a_verifier_identite,,,"IDCC 7025 réel = Travaux et services agricoles/ruraux/forestiers (confirmé LégiSocial). Contenu actuel = 'fruitier/légumier' — thème agricole cohérent mais peut-être trop spécifique vs le champ réel (générique travaux agricoles). Pas un mismatch flagrant comme les autres, mais pas 100% confirmé non plus. Grille pas encore cherchée."
2104,11,6,MISMATCH_A_SIGNALER,convention.fr+perseepharma.fr+payfit,,"IMPORTANT: Pharmacie d'officine = IDCC 1996 (brochure 3052), confirmé 4+ sources — PAS 2104. Le contenu actuel (préparateur en pharmacie) semble viser l'officine mais est sous le mauvais numéro. ⚠️ Le MAINTENANCE.md fourni cite lui-même 'pharmacie officine (IDCC 2104)' — même erreur à la source. Vérifier si 2104 correspond à autre chose de légitime, ou si c'est partout la même confusion à corriger (2104->1996)."
3013,11,6,fait,"juristique.org+salaire-minimum.com+lofficieldesmetiers.fr+convention.fr (4 sources croisées, extension confirmée JORF)",2026-04-01,"Librairie (brochure 3252) — identité ET contenu parfaitement cohérents ('Libraire débutant/qualifié'). Accord du 25/11/2025, ÉTENDU (arrêté 24/02/2026, JORF n°0055 du 5/03/2026), en vigueur depuis le 01/04/2026. +0,93% en moyenne. Range confirmé (3 sources indépendantes concordantes): 1834€-3965€/mois, 12 niveaux. Nouveauté 2026: prime d'ancienneté étendue progressivement aux cadres (niveaux 9-12), auparavant réservée aux niveaux 1-8."
493,10,5,MISMATCH_A_SIGNALER,legifrance+cobham-solutions,,"IDCC 493 réel = Vins, cidres, jus de fruits, sirops, spiritueux et liqueurs (brochure 3029). Contenu actuel = 'Ouvrier scierie/raboterie' (bois). Aucun rapport. A signaler."
2046,9,7,partiel,convention.fr+abacus-conseil+legisocial,2024-10-24,"Personnel non médical CLCC (brochure 3201) — identité confirmée, contenu générique 'ouvrier débutant' plausible. Grosse réforme de classification en juillet 2024 (avenant 2024-02, fusion praticien/non-praticien) dont je n'ai pas le détail complet. Seul point ferme: groupe A non-praticien = 21 622€/an brut (accord 24/10/2024, ~1802€/mois) — mais pas la grille complète tous groupes. REJETÉ: AdvizExperts (encore) donnait 1650€ niveau I, motif habituel (source peu fiable confirmée 4e fois). Reste incomplet, honnêtement."
7508,9,6,MISMATCH_A_SIGNALER,DARES (déjà en base),,"IDCC 7508 réel = Maisons familiales rurales, instituts ruraux (établissements d'ENSEIGNEMENT rural, formation par alternance) — pas une exploitation laitière. Contenu actuel = 'Ouvrier(ère) laitier(ère) débutant(e)'. Mismatch net (enseignement vs production laitière). À signaler."
3090,8,7,fait,"juristique.org+legisocial (croisés, avenant étendu confirmé)",2025-09-01,"Spectacle vivant secteur privé (brochure 3372) — identité confirmée, contenu 'employé administratif' correspond bien à la filière 'emplois administratifs et commerciaux' de la CCN (qui a aussi des filières artistes/techniciens séparées, bien plus complexes: cachets par représentation, pas un salaire mensuel classique - non capturé ici). Avenant du 21/07/2025, ÉTENDU (arrêté 17/02/2026, JORF 24/02/2026), en vigueur depuis 01/09/2025 ET durant 2026. Range confirmé (filière admin/technique): 1811,07€-3815,09€/mois. REJETÉ: AdvizExperts donnait 1747,20€ (incohérent avec le chiffre confirmé étendu, source peu fiable déjà vue)."
3237,8,6,fait,fiche-paie.net+salaire-minimum.com+juristique.org (croisés),2026-01-14,"Commerce détail alimentaire spécialisé (boucherie/boulangerie/fromagerie/primeur, brochure 3387) — identité ET contenu cohérents ('Employé de vente débutant' correspond bien). Avenant n°9 du 13/01/2026, en vigueur dès le 14/01/2026 (lendemain dépôt), +1,79%, non encore étendu au JO à la date des sources. Range confirmé (2 sources indépendantes concordantes): 1838,81€-3425,90€/mois. REJETÉ (3e fois): AdvizExperts redonne quasi le MÊME chiffre '1747€' qu'il avait déjà donné pour 2931 et 3090 sur des secteurs totalement différents — pattern confirmé de contenu template/peu fiable, à ignorer systématiquement pour ce site sur le reste du travail."
5001,7,6,a_verifier_identite,DARES: numéro introuvable,,Ce numéro IDCC n'existe nulle part dans l'historique DARES depuis 1936. Probablement fabriqué. Bloqué tant que le bon numéro n'est pas identifié — pas la peine de chercher une grille pour l'instant.
1850,5,8,a_verifier_identite,"DARES: périmé, remplacé par 1000",,Ancien nom officiel: Convention collective de l'avocat salarié. Ce numéro est remplacé par le 1000 selon DARES (déjà dans le fichier ccn_a_renumeroter.csv). Bloqué tant que le renumérotage n'est pas fait — pas la peine de chercher une grille pour l'instant.
1921,5,7,a_verifier_identite,"DARES: périmé, remplacé par 3250",,Ancien nom officiel: Convention collective nationale des huissiers de justice. Ce numéro est remplacé par le 3250 selon DARES (déjà dans le fichier ccn_a_renumeroter.csv). Bloqué tant que le renumérotage n'est pas fait — pas la peine de chercher une grille pour l'instant.
2378,5,6,a_verifier_identite,DARES: numéro introuvable,,Ce numéro IDCC n'existe nulle part dans l'historique DARES depuis 1936. Probablement fabriqué. Bloqué tant que le bon numéro n'est pas identifié — pas la peine de chercher une grille pour l'instant.
2931,5,6,fait,juristique.org+salaire-minimum.com+legisocial+sidecare (croisés),2026-01-01,"Activités de marchés financiers - identité DARES confirmée ET contenu cohérent (analyste marchés financiers). Accord du 9/12/2025, effectif 01/01/2026 (non étendu selon LégiSocial — 'texte non étendu', s'applique donc aux adhérents AMAFI en priorité). SMC confirmé 1854€ (2 sources indépendantes). Grille complète 7 catégories (structure stable depuis 2010, I.B=1855€ quasi-identique au SMC 2026 confirmé, donc fiable): I.A 1531€, I.B 1855€, II.A 2234€, II.B 2452€, III.A 2668€, III.B 3256€, III.C 4087€. REJETÉ: source concurrente (advizexperts, '4 niveaux, cadre dirigeant 4200€') incohérente avec le SMC officiel confirmé, écartée comme peu fiable."
1408,4,6,fait,juristique.org+salaire-minimum.com+convention.fr (croisés),2026-05-01,"Négoce/distribution combustibles (brochure 3004) — identité DARES confirmée, contenu plausible (livreur cohérent avec distribution). Renommée depuis 'Distribution, logistique et services des énergies de proximité' (même IDCC/brochure, juste un nouveau nom). Accord du 3/04/2026, effectif 01/05/2026, +1%, range 1870,64€-7597,85€/mois (signé, en attente d'extension au 28/05/2026 - à reconfirmer). ⚠️ Ne pas confondre avec IDCC 1388 (Pétrole/majors, minima plus élevés) — vérifié, ce sont deux CCN cousines distinctes, 1408 est la bonne pour ce contenu."
2770,4,17,a_verifier_identite,"DARES: périmé, remplacé par 2121",,Ancien nom officiel: Convention collective nationale de l'édition phonographique. Ce numéro est remplacé par le 2121 selon DARES (déjà dans le fichier ccn_a_renumeroter.csv). Bloqué tant que le renumérotage n'est pas fait — pas la peine de chercher une grille pour l'instant.
3220,2,6,MISMATCH_A_SIGNALER,DARES + analyse terminologique,,"TRANCHÉ: IDCC 3220 réel = personnel des OFFICES PUBLICS DE L'HABITAT (organismes publics gestionnaires de HLM). Le contenu actuel utilise le terme 'Employé(e) de maison' — un statut juridique précis en France réservé à l'emploi domestique PRIVÉ chez un particulier (relève normalement d'une CCN distincte, 'Salariés du particulier employeur'). Un office public de l'habitat emploierait plutôt des 'gardien(ne)s d'immeuble' ou 'agents d'entretien d'immeubles', pas des 'employés de maison'. Terminologie incompatible avec le champ réel — signalé comme mismatch, pas juste ambigu."
1607,1,6,MISMATCH_A_SIGNALER,DARES,,IDCC 1607 réel = jeux/jouets/articles de fêtes/Noël/puériculture. Contenu actuel = 'Ouvrier filature coton' (textile). Aucun rapport. À signaler.
1661,1,6,a_verifier_identite,DARES: numéro introuvable,,Ce numéro IDCC n'existe nulle part dans l'historique DARES depuis 1936. Probablement fabriqué. Bloqué tant que le bon numéro n'est pas identifié — pas la peine de chercher une grille pour l'instant.
1686,1,8,MISMATCH_A_SIGNALER,DARES,,"IDCC 1686 réel = commerces/services audiovisuel, électronique, équipement ménager. Contenu actuel = 'Ouvrier paysagiste' (espaces verts). Aucun rapport. À signaler."
1729,1,6,a_verifier_identite,DARES: numéro introuvable,,Ce numéro IDCC n'existe nulle part dans l'historique DARES depuis 1936. Probablement fabriqué. Bloqué tant que le bon numéro n'est pas identifié — pas la peine de chercher une grille pour l'instant.
1761,1,6,a_verifier_identite,"DARES: périmé, remplacé par 573",,"Ancien nom officiel: Convention collective du commerce de gros des tissus, tapis et linge de maison. Ce numéro est remplacé par le 573 selon DARES (déjà dans le fichier ccn_a_renumeroter.csv). Bloqué tant que le renumérotage n'est pas fait — pas la peine de chercher une grille pour l'instant."
1780,1,6,a_verifier_identite,"DARES: périmé, remplacé par 1597",,Ancien nom officiel: Convention collective du bâtiment de la région Provence-Alpes-Côte d'azur concernant les ouvriers employés par les entreprises occupant plus de 10 salariés. Ce numéro est remplacé par le 1597 selon DARES (déjà dans le fichier ccn_a_renumeroter.csv). Bloqué tant que le renumérotage n'est pas fait — pas la peine de chercher une grille pour l'instant.
1965,1,6,a_verifier_identite,DARES: numéro introuvable,,Ce numéro IDCC n'existe nulle part dans l'historique DARES depuis 1936. Probablement fabriqué. Bloqué tant que le bon numéro n'est pas identifié — pas la peine de chercher une grille pour l'instant.
2582,1,5,a_verifier_identite,"DARES: périmé, remplacé par 1702",,Ancien nom officiel: Convention collective des ouvriers des travaux public de la Savoie. Ce numéro est remplacé par le 1702 selon DARES (déjà dans le fichier ccn_a_renumeroter.csv). Bloqué tant que le renumérotage n'est pas fait — pas la peine de chercher une grille pour l'instant.
3186,1,20,a_verifier_identite,DARES: numéro introuvable,,Ce numéro IDCC n'existe nulle part dans l'historique DARES depuis 1936. Probablement fabriqué. Bloqué tant que le bon numéro n'est pas identifié — pas la peine de chercher une grille pour l'instant.
5021,1,5,a_verifier_identite,DARES: numéro introuvable,,Ce numéro IDCC n'existe nulle part dans l'historique DARES depuis 1936. Probablement fabriqué. Bloqué tant que le bon numéro n'est pas identifié — pas la peine de chercher une grille pour l'instant.
7502,1,5,MISMATCH_A_SIGNALER,DARES,,Mutualité sociale agricole (organisme de sécurité sociale agricole) vs 'salarié horticole' actuel. Aucun rapport.
7513,1,5,a_verifier_identite,DARES (ambigu),,CIVAM (centres initiatives valoriser agriculture/milieu rural) vs 'ouvrier maraîcher' actuel — chevauchement plausible mais CIVAM = plutôt personnel associatif/animation qu'ouvriers de terrain. Pas tranché.
1309,0,7,a_verifier_identite,DARES: numéro introuvable,,Ce numéro IDCC n'existe nulle part dans l'historique DARES depuis 1936. Probablement fabriqué. Bloqué tant que le bon numéro n'est pas identifié — pas la peine de chercher une grille pour l'instant.
1311,0,6,MISMATCH_A_SIGNALER,DARES,,Restauration ferroviaire (wagons-restaurants) vs 'employé négoce bois' actuel. Aucun rapport.
1316,0,5,a_verifier_identite,DARES (ambigu),,Tourisme social/familial (centres vacances) vs 'agent blanchisserie' actuel — poste plausible dans ce contexte mais très étroit pour représenter toute la CCN. Pas tranché.
1321,0,7,a_verifier_identite,DARES: numéro introuvable,,Ce numéro IDCC n'existe nulle part dans l'historique DARES depuis 1936. Probablement fabriqué. Bloqué tant que le bon numéro n'est pas identifié — pas la peine de chercher une grille pour l'instant.
1383,0,6,a_verifier_identite,"DARES: périmé, remplacé par 3243",,"Ancien nom officiel: Convention collective nationale des commerces de quincaillerie, fournitures industrielles, fers, métaux et équipement de la maison, employés et personnels de maîtrise. Ce numéro est remplacé par le 3243 selon DARES (déjà dans le fichier ccn_a_renumeroter.csv). Bloqué tant que le renumérotage n'est pas fait — pas la peine de chercher une grille pour l'instant."
1489,0,6,a_verifier_identite,DARES: numéro introuvable,,Ce numéro IDCC n'existe nulle part dans l'historique DARES depuis 1936. Probablement fabriqué. Bloqué tant que le bon numéro n'est pas identifié — pas la peine de chercher une grille pour l'instant.
1538,0,6,a_verifier_identite,DARES: numéro introuvable,,Ce numéro IDCC n'existe nulle part dans l'historique DARES depuis 1936. Probablement fabriqué. Bloqué tant que le bon numéro n'est pas identifié — pas la peine de chercher une grille pour l'instant.
1540,0,6,a_verifier_identite,"DARES: périmé, remplacé par 1517",,Ancien nom officiel: Convention collective départementale des commerces de détail non alimentaires de Toulouse et des communes limitrophes. Ce numéro est remplacé par le 1517 selon DARES (déjà dans le fichier ccn_a_renumeroter.csv). Bloqué tant que le renumérotage n'est pas fait — pas la peine de chercher une grille pour l'instant.
1555,0,6,fait,juristique.org+convention.fr (extension JORF confirmée),2026-03-01,"Fabrication/commerce produits pharmaceutiques, parapharmaceutiques et vétérinaires (brochure 3063) — identité ET contenu cohérents ('employé de vente' plausible pour la distribution). Accord du 28/01/2026, ÉTENDU (arrêté 4/05/2026, JORF n°0108 du 8/05/2026), en vigueur depuis 01/03/2026. +1,46%. OETAM: 1835€-2942,22€/mois. Cadres (à partir niveau III.1): 37 381€-79 171€/an."
1586,0,6,MISMATCH_A_SIGNALER,DARES,,Salaison/charcuterie industrielle vs 'employé poissonnerie' actuel. Secteurs alimentaires différents.
1588,0,8,a_verifier_identite,"DARES: périmé, remplacé par 3220",,Ancien nom officiel: Convention collective nationale du personnel des sociétés coopératives d'HLM. Ce numéro est remplacé par le 3220 selon DARES (déjà dans le fichier ccn_a_renumeroter.csv). Bloqué tant que le renumérotage n'est pas fait — pas la peine de chercher une grille pour l'instant.
1592,0,9,a_verifier_identite,"DARES: périmé, remplacé par 3248",,Ancien nom officiel: Convention collective de la métallurgie du Valenciennois et du Cambrésis. Ce numéro est remplacé par le 3248 selon DARES (déjà dans le fichier ccn_a_renumeroter.csv). Bloqué tant que le renumérotage n'est pas fait — pas la peine de chercher une grille pour l'instant.
1600,0,6,a_verifier_identite,"DARES: périmé, remplacé par 1880",,Ancien nom officiel: Convention collective nationale de l'ameublement. Ce numéro est remplacé par le 1880 selon DARES (déjà dans le fichier ccn_a_renumeroter.csv). Bloqué tant que le renumérotage n'est pas fait — pas la peine de chercher une grille pour l'instant.
1604,0,6,a_verifier_identite,"DARES: périmé, remplacé par 3248",,Ancien nom officiel: Convention collective des industries métallurgiques des arrondissements de Rouen et de Dieppe. Ce numéro est remplacé par le 3248 selon DARES (déjà dans le fichier ccn_a_renumeroter.csv). Bloqué tant que le renumérotage n'est pas fait — pas la peine de chercher une grille pour l'instant.
1611,0,5,a_verifier_identite,DARES (ambigu),,Logistique de communication (routage/façonnage postal) vs 'employé entreposage' actuel — chevauchement plausible (logistique). Pas tranché.
1624,0,5,a_verifier_identite,"DARES: périmé, remplacé par 573",,"Ancien nom officiel: Convention collective nationale des commerces de gros de Confiserie, chocolaterie, biscuiterie et alimentation fine et des négociants distributeurs de levure. Ce numéro est remplacé par le 573 selon DARES (déjà dans le fichier ccn_a_renumeroter.csv). Bloqué tant que le renumérotage n'est pas fait — pas la peine de chercher une grille pour l'instant."
1636,0,6,a_verifier_identite,DARES: numéro introuvable,,Ce numéro IDCC n'existe nulle part dans l'historique DARES depuis 1936. Probablement fabriqué. Bloqué tant que le bon numéro n'est pas identifié — pas la peine de chercher une grille pour l'instant.
1637,0,6,a_verifier_identite,DARES: numéro introuvable,,Ce numéro IDCC n'existe nulle part dans l'historique DARES depuis 1936. Probablement fabriqué. Bloqué tant que le bon numéro n'est pas identifié — pas la peine de chercher une grille pour l'instant.
1640,0,5,a_verifier_identite,"DARES: périmé, remplacé par 1408",,Ancien nom officiel: Convention collective départementale du négoce charbonnier du Rhône. Ce numéro est remplacé par le 1408 selon DARES (déjà dans le fichier ccn_a_renumeroter.csv). Bloqué tant que le renumérotage n'est pas fait — pas la peine de chercher une grille pour l'instant.
1648,0,6,a_verifier_identite,DARES: numéro introuvable,,Ce numéro IDCC n'existe nulle part dans l'historique DARES depuis 1936. Probablement fabriqué. Bloqué tant que le bon numéro n'est pas identifié — pas la peine de chercher une grille pour l'instant.
1649,0,6,a_verifier_identite,DARES: numéro introuvable,,Ce numéro IDCC n'existe nulle part dans l'historique DARES depuis 1936. Probablement fabriqué. Bloqué tant que le bon numéro n'est pas identifié — pas la peine de chercher une grille pour l'instant.
1651,0,6,a_verifier_identite,DARES: numéro introuvable,,Ce numéro IDCC n'existe nulle part dans l'historique DARES depuis 1936. Probablement fabriqué. Bloqué tant que le bon numéro n'est pas identifié — pas la peine de chercher une grille pour l'instant.
1653,0,6,a_verifier_identite,DARES: numéro introuvable,,Ce numéro IDCC n'existe nulle part dans l'historique DARES depuis 1936. Probablement fabriqué. Bloqué tant que le bon numéro n'est pas identifié — pas la peine de chercher une grille pour l'instant.
1665,0,6,a_verifier_identite,DARES: numéro introuvable,,Ce numéro IDCC n'existe nulle part dans l'historique DARES depuis 1936. Probablement fabriqué. Bloqué tant que le bon numéro n'est pas identifié — pas la peine de chercher une grille pour l'instant.
1678,0,17,a_verifier_identite,"DARES: périmé, remplacé par 1909",,Ancien nom officiel: Convention collective nationale des organismes de tourisme à caractère non lucratif. Ce numéro est remplacé par le 1909 selon DARES (déjà dans le fichier ccn_a_renumeroter.csv). Bloqué tant que le renumérotage n'est pas fait — pas la peine de chercher une grille pour l'instant.
1680,0,17,a_verifier_identite,"DARES: périmé, remplacé par 1780",,Ancien nom officiel: Convention collective départementale des ouvriers du bâtiment et des travaux publics de Vaucluse. Ce numéro est remplacé par le 1780 selon DARES (déjà dans le fichier ccn_a_renumeroter.csv). Bloqué tant que le renumérotage n'est pas fait — pas la peine de chercher une grille pour l'instant.
1682,0,6,a_verifier_identite,DARES: numéro introuvable,,Ce numéro IDCC n'existe nulle part dans l'historique DARES depuis 1936. Probablement fabriqué. Bloqué tant que le bon numéro n'est pas identifié — pas la peine de chercher une grille pour l'instant.
1683,0,6,a_verifier_identite,DARES: numéro introuvable,,Ce numéro IDCC n'existe nulle part dans l'historique DARES depuis 1936. Probablement fabriqué. Bloqué tant que le bon numéro n'est pas identifié — pas la peine de chercher une grille pour l'instant.
1687,0,6,a_verifier_identite,DARES: numéro introuvable,,Ce numéro IDCC n'existe nulle part dans l'historique DARES depuis 1936. Probablement fabriqué. Bloqué tant que le bon numéro n'est pas identifié — pas la peine de chercher une grille pour l'instant.
1689,0,6,a_verifier_identite,"DARES: périmé, remplacé par 489",,"Ancien nom officiel: Convention collective nationale des fabriques d'articles de papeterie et de bureau : ouvriers, employés, agents de maitrise et cadres. Ce numéro est remplacé par le 489 selon DARES (déjà dans le fichier ccn_a_renumeroter.csv). Bloqué tant que le renumérotage n'est pas fait — pas la peine de chercher une grille pour l'instant."
1691,0,6,a_verifier_identite,DARES: numéro introuvable,,Ce numéro IDCC n'existe nulle part dans l'historique DARES depuis 1936. Probablement fabriqué. Bloqué tant que le bon numéro n'est pas identifié — pas la peine de chercher une grille pour l'instant.
1692,0,5,a_verifier_identite,"DARES: périmé, remplacé par 1772",,Ancien nom officiel: Convention collective nationale de l'édition. Ce numéro est remplacé par le 1772 selon DARES (déjà dans le fichier ccn_a_renumeroter.csv). Bloqué tant que le renumérotage n'est pas fait — pas la peine de chercher une grille pour l'instant.
1694,0,6,a_verifier_identite,DARES: numéro introuvable,,Ce numéro IDCC n'existe nulle part dans l'historique DARES depuis 1936. Probablement fabriqué. Bloqué tant que le bon numéro n'est pas identifié — pas la peine de chercher une grille pour l'instant.
1695,0,6,a_verifier_identite,DARES: numéro introuvable,,Ce numéro IDCC n'existe nulle part dans l'historique DARES depuis 1936. Probablement fabriqué. Bloqué tant que le bon numéro n'est pas identifié — pas la peine de chercher une grille pour l'instant.
1704,0,6,a_verifier_identite,DARES: numéro introuvable,,Ce numéro IDCC n'existe nulle part dans l'historique DARES depuis 1936. Probablement fabriqué. Bloqué tant que le bon numéro n'est pas identifié — pas la peine de chercher une grille pour l'instant.
1706,0,6,a_verifier_identite,DARES: numéro introuvable,,Ce numéro IDCC n'existe nulle part dans l'historique DARES depuis 1936. Probablement fabriqué. Bloqué tant que le bon numéro n'est pas identifié — pas la peine de chercher une grille pour l'instant.
1721,0,6,a_verifier_identite,DARES: numéro introuvable,,Ce numéro IDCC n'existe nulle part dans l'historique DARES depuis 1936. Probablement fabriqué. Bloqué tant que le bon numéro n'est pas identifié — pas la peine de chercher une grille pour l'instant.
1727,0,6,a_verifier_identite,DARES: numéro introuvable,,Ce numéro IDCC n'existe nulle part dans l'historique DARES depuis 1936. Probablement fabriqué. Bloqué tant que le bon numéro n'est pas identifié — pas la peine de chercher une grille pour l'instant.
1730,0,6,a_verifier_identite,"DARES: périmé, remplacé par 1763",,Ancien nom officiel: Manutention portuaire Marseille Fos OAM. Ce numéro est remplacé par le 1763 selon DARES (déjà dans le fichier ccn_a_renumeroter.csv). Bloqué tant que le renumérotage n'est pas fait — pas la peine de chercher une grille pour l'instant.
1734,0,9,a_verifier_identite,"DARES: périmé, remplacé par 2642",,Ancien nom officiel: Convention collective des artistes-interprètes engages pour des émissions de télévision. Ce numéro est remplacé par le 2642 selon DARES (déjà dans le fichier ccn_a_renumeroter.csv). Bloqué tant que le renumérotage n'est pas fait — pas la peine de chercher une grille pour l'instant.
1740,0,6,a_verifier_identite,"DARES: périmé, remplacé par 1597",,Ancien nom officiel: Convention collective régionale des ouvriers du bâtiment de la Région Parisienne. Ce numéro est remplacé par le 1597 selon DARES (déjà dans le fichier ccn_a_renumeroter.csv). Bloqué tant que le renumérotage n'est pas fait — pas la peine de chercher une grille pour l'instant.
1742,0,6,a_verifier_identite,DARES: numéro introuvable,,Ce numéro IDCC n'existe nulle part dans l'historique DARES depuis 1936. Probablement fabriqué. Bloqué tant que le bon numéro n'est pas identifié — pas la peine de chercher une grille pour l'instant.
1744,0,6,a_verifier_identite,DARES: numéro introuvable,,Ce numéro IDCC n'existe nulle part dans l'historique DARES depuis 1936. Probablement fabriqué. Bloqué tant que le bon numéro n'est pas identifié — pas la peine de chercher une grille pour l'instant.
1748,0,17,a_verifier_identite,DARES: numéro introuvable,,Ce numéro IDCC n'existe nulle part dans l'historique DARES depuis 1936. Probablement fabriqué. Bloqué tant que le bon numéro n'est pas identifié — pas la peine de chercher une grille pour l'instant.
1749,0,17,a_verifier_identite,DARES: numéro introuvable,,Ce numéro IDCC n'existe nulle part dans l'historique DARES depuis 1936. Probablement fabriqué. Bloqué tant que le bon numéro n'est pas identifié — pas la peine de chercher une grille pour l'instant.
1750,0,17,a_verifier_identite,"DARES: périmé, remplacé par 3017",,Ancien nom officiel: Convention collective des employés des services auxiliaires de la manutention des ports de Marseille. Ce numéro est remplacé par le 3017 selon DARES (déjà dans le fichier ccn_a_renumeroter.csv). Bloqué tant que le renumérotage n'est pas fait — pas la peine de chercher une grille pour l'instant.
1751,0,17,a_verifier_identite,"DARES: périmé, remplacé par 3017",,Ancien nom officiel: Convention collective des cadres des services auxiliaires de la manutention des ports de Marseille. Ce numéro est remplacé par le 3017 selon DARES (déjà dans le fichier ccn_a_renumeroter.csv). Bloqué tant que le renumérotage n'est pas fait — pas la peine de chercher une grille pour l'instant.
1753,0,17,a_verifier_identite,DARES: numéro introuvable,,Ce numéro IDCC n'existe nulle part dans l'historique DARES depuis 1936. Probablement fabriqué. Bloqué tant que le bon numéro n'est pas identifié — pas la peine de chercher une grille pour l'instant.
1757,0,6,a_verifier_identite,DARES: numéro introuvable,,Ce numéro IDCC n'existe nulle part dans l'historique DARES depuis 1936. Probablement fabriqué. Bloqué tant que le bon numéro n'est pas identifié — pas la peine de chercher une grille pour l'instant.
1758,0,6,a_verifier_identite,"DARES: périmé, remplacé par 1596",,Ancien nom officiel: Convention collective du bâtiment du département du Tarn concernant les ouvriers employés par les entreprises occupant jusqu'a 10 salariés. Ce numéro est remplacé par le 1596 selon DARES (déjà dans le fichier ccn_a_renumeroter.csv). Bloqué tant que le renumérotage n'est pas fait — pas la peine de chercher une grille pour l'instant.
1759,0,6,a_verifier_identite,"DARES: périmé, remplacé par 1597",,Ancien nom officiel: Convention collective du bâtiment du département du Tarn concernant les ouvriers employés par les entreprises occupant plus de 10 salariés. Ce numéro est remplacé par le 1597 selon DARES (déjà dans le fichier ccn_a_renumeroter.csv). Bloqué tant que le renumérotage n'est pas fait — pas la peine de chercher une grille pour l'instant.
1762,0,6,a_verifier_identite,DARES: numéro introuvable,,Ce numéro IDCC n'existe nulle part dans l'historique DARES depuis 1936. Probablement fabriqué. Bloqué tant que le bon numéro n'est pas identifié — pas la peine de chercher une grille pour l'instant.
1763,0,6,a_verifier_identite,"DARES: périmé, remplacé par 3017",,Ancien nom officiel: Convention collective nationale de la manutention portuaire. Ce numéro est remplacé par le 3017 selon DARES (déjà dans le fichier ccn_a_renumeroter.csv). Bloqué tant que le renumérotage n'est pas fait — pas la peine de chercher une grille pour l'instant.
1764,0,6,a_verifier_identite,DARES: numéro introuvable,,Ce numéro IDCC n'existe nulle part dans l'historique DARES depuis 1936. Probablement fabriqué. Bloqué tant que le bon numéro n'est pas identifié — pas la peine de chercher une grille pour l'instant.
1765,0,6,a_verifier_identite,"DARES: périmé, remplacé par 1821",,Ancien nom officiel: Convention collective nationale de la fabrication du verre à la main. Ce numéro est remplacé par le 1821 selon DARES (déjà dans le fichier ccn_a_renumeroter.csv). Bloqué tant que le renumérotage n'est pas fait — pas la peine de chercher une grille pour l'instant.
1767,0,6,a_verifier_identite,DARES: numéro introuvable,,Ce numéro IDCC n'existe nulle part dans l'historique DARES depuis 1936. Probablement fabriqué. Bloqué tant que le bon numéro n'est pas identifié — pas la peine de chercher une grille pour l'instant.
1768,0,5,a_verifier_identite,DARES: numéro introuvable,,Ce numéro IDCC n'existe nulle part dans l'historique DARES depuis 1936. Probablement fabriqué. Bloqué tant que le bon numéro n'est pas identifié — pas la peine de chercher une grille pour l'instant.
1769,0,6,a_verifier_identite,DARES: numéro introuvable,,Ce numéro IDCC n'existe nulle part dans l'historique DARES depuis 1936. Probablement fabriqué. Bloqué tant que le bon numéro n'est pas identifié — pas la peine de chercher une grille pour l'instant.
1771,0,6,a_verifier_identite,"DARES: périmé, remplacé par 1813",,Ancien nom officiel: Convention collective de travail des industries de la transformation des métaux de la région de Maubeuge (Nord). Ce numéro est remplacé par le 1813 selon DARES (déjà dans le fichier ccn_a_renumeroter.csv). Bloqué tant que le renumérotage n'est pas fait — pas la peine de chercher une grille pour l'instant.
1775,0,6,a_verifier_identite,"DARES: périmé, remplacé par 2264",,"Ancien nom officiel: Convention collective nationale de travail des établissements et services prives sanitaires, sociaux et medico-sociaux. Ce numéro est remplacé par le 2264 selon DARES (déjà dans le fichier ccn_a_renumeroter.csv). Bloqué tant que le renumérotage n'est pas fait — pas la peine de chercher une grille pour l'instant."
1776,0,6,a_verifier_identite,DARES: numéro introuvable,,Ce numéro IDCC n'existe nulle part dans l'historique DARES depuis 1936. Probablement fabriqué. Bloqué tant que le bon numéro n'est pas identifié — pas la peine de chercher une grille pour l'instant.
1779,0,5,a_verifier_identite,"DARES: périmé, remplacé par 1596",,Ancien nom officiel: Convention collective du bâtiment de la région Provence-Alpes-Côte d'azur concernant les ouvriers employés par les entreprises occupant jusqu'a 10 salariés. Ce numéro est remplacé par le 1596 selon DARES (déjà dans le fichier ccn_a_renumeroter.csv). Bloqué tant que le renumérotage n'est pas fait — pas la peine de chercher une grille pour l'instant.
1782,0,6,a_verifier_identite,DARES: numéro introuvable,,Ce numéro IDCC n'existe nulle part dans l'historique DARES depuis 1936. Probablement fabriqué. Bloqué tant que le bon numéro n'est pas identifié — pas la peine de chercher une grille pour l'instant.
1783,0,6,a_verifier_identite,DARES: numéro introuvable,,Ce numéro IDCC n'existe nulle part dans l'historique DARES depuis 1936. Probablement fabriqué. Bloqué tant que le bon numéro n'est pas identifié — pas la peine de chercher une grille pour l'instant.
1790,0,6,MISMATCH_A_SIGNALER,DARES,,Espaces de loisirs/attractions/culturels (parcs) vs 'assistant éditorial musical' actuel. Aucun rapport.
1851,0,6,a_verifier_identite,DARES: numéro introuvable,,Ce numéro IDCC n'existe nulle part dans l'historique DARES depuis 1936. Probablement fabriqué. Bloqué tant que le bon numéro n'est pas identifié — pas la peine de chercher une grille pour l'instant.
1870,0,6,a_verifier_identite,"DARES: périmé, remplacé par 2021",,Ancien nom officiel: Convention collective nationale du golf. Ce numéro est remplacé par le 2021 selon DARES (déjà dans le fichier ccn_a_renumeroter.csv). Bloqué tant que le renumérotage n'est pas fait — pas la peine de chercher une grille pour l'instant.
1891,0,6,a_verifier_identite,DARES: numéro introuvable,,Ce numéro IDCC n'existe nulle part dans l'historique DARES depuis 1936. Probablement fabriqué. Bloqué tant que le bon numéro n'est pas identifié — pas la peine de chercher une grille pour l'instant.
1966,0,6,a_verifier_identite,"DARES: périmé, remplacé par 3248",,Ancien nom officiel: Convention collective des industries métallurgiques du Loiret. Ce numéro est remplacé par le 3248 selon DARES (déjà dans le fichier ccn_a_renumeroter.csv). Bloqué tant que le renumérotage n'est pas fait — pas la peine de chercher une grille pour l'instant.
1985,0,6,a_verifier_identite,"DARES: périmé, remplacé par 2060",,Ancien nom officiel: Convention collective nationale des cafétérias et assimilés. Ce numéro est remplacé par le 2060 selon DARES (déjà dans le fichier ccn_a_renumeroter.csv). Bloqué tant que le renumérotage n'est pas fait — pas la peine de chercher une grille pour l'instant.
2070,0,6,a_verifier_identite,"DARES: périmé, remplacé par 5025",,Ancien nom officiel: Convention collective relative au statut des personnels des organismes de développement économique. Ce numéro est remplacé par le 5025 selon DARES (déjà dans le fichier ccn_a_renumeroter.csv). Bloqué tant que le renumérotage n'est pas fait — pas la peine de chercher une grille pour l'instant.
2075,0,6,a_verifier_identite,"DARES: périmé, remplacé par 1747",,"Ancien nom officiel: Convention collective nationale des centres immatricules de conditionnement, de commercialisation et de transformation des œufs et des industries en produits d'œufs. Ce numéro est remplacé par le 1747 selon DARES (déjà dans le fichier ccn_a_renumeroter.csv). Bloqué tant que le renumérotage n'est pas fait — pas la peine de chercher une grille pour l'instant."
2140,0,5,MISMATCH_A_SIGNALER,DARES,,Ouvriers de presse régionale (imprimerie) vs 'assistant maternel agréé' actuel. Aucun rapport.
2190,0,6,MISMATCH_A_SIGNALER,DARES,,Missions locales/PAIO (insertion jeunes) vs 'agent service hospitalier CLCC' actuel. Aucun rapport.
2230,0,6,a_verifier_identite,"DARES: périmé, remplacé par 1486",,Ancien nom officiel: Convention collective nationale des associations agréées de surveillance de la qualité de l'air. Ce numéro est remplacé par le 1486 selon DARES (déjà dans le fichier ccn_a_renumeroter.csv). Bloqué tant que le renumérotage n'est pas fait — pas la peine de chercher une grille pour l'instant.
2344,0,6,a_verifier_identite,"DARES: périmé, remplacé par 3248",,Ancien nom officiel: Convention collective de la sidérurgie. Ce numéro est remplacé par le 3248 selon DARES (déjà dans le fichier ccn_a_renumeroter.csv). Bloqué tant que le renumérotage n'est pas fait — pas la peine de chercher une grille pour l'instant.
2372,0,6,MISMATCH_A_SIGNALER,DARES,,Distribution directe (prospectus/imprimés pub) vs 'clerc commissaire de justice' actuel. Aucun rapport.
2409,0,6,a_verifier_identite,"DARES: périmé, remplacé par 3212",,Ancien nom officiel: Convention collective nationale des cadres des travaux publics. Ce numéro est remplacé par le 3212 selon DARES (déjà dans le fichier ccn_a_renumeroter.csv). Bloqué tant que le renumérotage n'est pas fait — pas la peine de chercher une grille pour l'instant.
2537,0,6,a_verifier_identite,DARES: numéro introuvable,,Ce numéro IDCC n'existe nulle part dans l'historique DARES depuis 1936. Probablement fabriqué. Bloqué tant que le bon numéro n'est pas identifié — pas la peine de chercher une grille pour l'instant.
2564,0,6,a_verifier_identite,"DARES: périmé, remplacé par 1875",,Ancien nom officiel: Convention collective nationale des vétérinaires praticiens salariés. Ce numéro est remplacé par le 1875 selon DARES (déjà dans le fichier ccn_a_renumeroter.csv). Bloqué tant que le renumérotage n'est pas fait — pas la peine de chercher une grille pour l'instant.
2583,0,6,a_verifier_identite,DARES (ambigu),,"Sociétés concessionnaires (péage/parkings?) vs 'employé vente/accueil' actuel — nom tronqué, plausible mais pas confirmé."
2615,0,6,a_verifier_identite,"DARES: périmé, remplacé par 3248",,Ancien nom officiel: Convention collective de la métallurgie des Pyrénées-Atlantiques et du Seignanx. Ce numéro est remplacé par le 3248 selon DARES (déjà dans le fichier ccn_a_renumeroter.csv). Bloqué tant que le renumérotage n'est pas fait — pas la peine de chercher une grille pour l'instant.
2727,0,6,a_verifier_identite,"DARES (identité propre, grille à chercher)",,Omnipraticiens en centres de santé — identité ET contenu cohérents ('médecin omnipraticien salarié'). Grille pas encore sourcée.
2972,0,6,a_verifier_identite,"DARES (identité propre, grille à chercher)",,Personnel sédentaire (non-navigant) entreprises de navigation — identité ET contenu cohérents ('employé administratif maritime'). Grille pas encore sourcée.
3016,0,6,a_verifier_identite,"DARES (identité propre, grille à chercher)",,Ateliers et chantiers d'insertion — identité ET contenu cohérents ('salarié en insertion'). Grille pas encore sourcée.
3032,0,6,a_verifier_identite,"DARES (identité propre, grille à chercher)",,Esthétique-cosmétique — identité ET contenu cohérents ('esthéticien cosméticien'). Grille pas encore sourcée.
3082,0,6,a_verifier_identite,DARES: numéro introuvable,,Ce numéro IDCC n'existe nulle part dans l'historique DARES depuis 1936. Probablement fabriqué. Bloqué tant que le bon numéro n'est pas identifié — pas la peine de chercher une grille pour l'instant.
3139,0,6,a_verifier_identite,DARES: numéro introuvable,,Ce numéro IDCC n'existe nulle part dans l'historique DARES depuis 1936. Probablement fabriqué. Bloqué tant que le bon numéro n'est pas identifié — pas la peine de chercher une grille pour l'instant.
3160,0,6,a_verifier_identite,"DARES: périmé, remplacé par 787",,Ancien nom officiel: Convention collective nationale des associations de gestion et de comptabilité  (annexée à la convention collective nationale du personnel des cabinets d'experts-comptables et de commissaires aux comptes 0787). Ce numéro est remplacé par le 787 selon DARES (déjà dans le fichier ccn_a_renumeroter.csv). Bloqué tant que le renumérotage n'est pas fait — pas la peine de chercher une grille pour l'instant.
3203,0,6,MISMATCH_A_SIGNALER,DARES,,Structures associatives de pêche de loisir vs 'ouvrier abattoir' actuel. Aucun rapport.
3205,0,5,a_verifier_identite,"DARES (identité propre, grille à chercher)",,Coopératives de consommation — identité ET contenu plausibles ('employé administratif'). Grille pas encore sourcée.
3227,0,5,a_verifier_identite,"DARES: périmé, remplacé par 3249",,Ancien nom officiel: Convention collective nationale des industries de la fabrication de la chaux. Ce numéro est remplacé par le 3249 selon DARES (déjà dans le fichier ccn_a_renumeroter.csv). Bloqué tant que le renumérotage n'est pas fait — pas la peine de chercher une grille pour l'instant.
3236,0,6,MISMATCH_A_SIGNALER,DARES,,Industrie et services nautiques (bateaux) vs 'menuisier/facteur d'orgue' actuel. Aucun rapport.
3326,0,5,a_verifier_identite,DARES: numéro introuvable,,Ce numéro IDCC n'existe nulle part dans l'historique DARES depuis 1936. Probablement fabriqué. Bloqué tant que le bon numéro n'est pas identifié — pas la peine de chercher une grille pour l'instant.
3381,0,6,a_verifier_identite,DARES: numéro introuvable,,Ce numéro IDCC n'existe nulle part dans l'historique DARES depuis 1936. Probablement fabriqué. Bloqué tant que le bon numéro n'est pas identifié — pas la peine de chercher une grille pour l'instant.
4890,0,6,fait,copie depuis entrée jumelle,,"ALIAS de 489 (cartonnage) déjà sourcé ce même session (avenant n°166 12/03/2025, 13 niveaux 1841€-2822€ + cadres). À copier depuis l'entrée 489, pas une nouvelle recherche."
7016,0,6,a_verifier_identite,"DARES: périmé, remplacé par 99999",,Ancien nom officiel: Convention collective nationale de travail concernant les jardiniers et jardiniers-gardiens de propriétés privées. Ce numéro est remplacé par le 99999 selon DARES (déjà dans le fichier ccn_a_renumeroter.csv). Bloqué tant que le renumérotage n'est pas fait — pas la peine de chercher une grille pour l'instant.
7503,0,6,MISMATCH_A_SIGNALER,DARES,,Distilleries coopératives viticoles vs 'jardinier débutant' actuel. Secteurs différents (production industrielle vs entretien espaces verts).
7504,0,6,a_verifier_identite,"DARES: périmé, remplacé par 7021",,Ancien nom officiel: Centres d'insémination artificielle animale. Ce numéro est remplacé par le 7021 selon DARES (déjà dans le fichier ccn_a_renumeroter.csv). Bloqué tant que le renumérotage n'est pas fait — pas la peine de chercher une grille pour l'instant.
7505,0,6,a_verifier_identite,"DARES: périmé, remplacé par 7520",,Ancien nom officiel: Convention collective nationale du personnel de formation de l'enseignement prive agricole. Ce numéro est remplacé par le 7520 selon DARES (déjà dans le fichier ccn_a_renumeroter.csv). Bloqué tant que le renumérotage n'est pas fait — pas la peine de chercher une grille pour l'instant.
7506,0,6,a_verifier_identite,"DARES: périmé, remplacé par 7520",,Ancien nom officiel: Convention collective nationale du personnel de la vie scolaire de l'enseignement prive agricole. Ce numéro est remplacé par le 7520 selon DARES (déjà dans le fichier ccn_a_renumeroter.csv). Bloqué tant que le renumérotage n'est pas fait — pas la peine de chercher une grille pour l'instant.
7507,0,6,a_verifier_identite,"DARES: périmé, remplacé par 7520",,Ancien nom officiel: Convention collective nationale du personnel administratif technique de l'enseignement prive agricole. Ce numéro est remplacé par le 7520 selon DARES (déjà dans le fichier ccn_a_renumeroter.csv). Bloqué tant que le renumérotage n'est pas fait — pas la peine de chercher une grille pour l'instant.
7509,0,6,a_verifier_identite,"DARES: périmé, remplacé par 7520",,Ancien nom officiel: Convention collective nationale des organismes de formation et de promotion agricoles. Ce numéro est remplacé par le 7520 selon DARES (déjà dans le fichier ccn_a_renumeroter.csv). Bloqué tant que le renumérotage n'est pas fait — pas la peine de chercher une grille pour l'instant.
7511,0,5,a_verifier_identite,DARES: périmé,,Ancien nom officiel: Convention collective nationale du personnel du personnel des associations de salariés de l'agriculture pour la vulgarisation du progrès agricole. Ce numéro est remplacé par le  selon DARES (déjà dans le fichier ccn_a_renumeroter.csv). Bloqué tant que le renumérotage n'est pas fait — pas la peine de chercher une grille pour l'instant.
7512,0,5,a_verifier_identite,"DARES: périmé, remplacé par 7020",,Ancien nom officiel: Centres d'économie rurale. Ce numéro est remplacé par le 7020 selon DARES (déjà dans le fichier ccn_a_renumeroter.csv). Bloqué tant que le renumérotage n'est pas fait — pas la peine de chercher une grille pour l'instant.
7514,0,5,a_verifier_identite,DARES (ambigu),,Organismes Confédération paysanne (syndicat agricole) vs 'ouvrier horticole serres' actuel — un syndicat emploie plutôt du personnel administratif/militant que des ouvriers de terrain. Penche mismatch mais pas tranché.
9811,0,9,a_verifier_identite,"DARES (identité propre, grille à chercher)",,Exploitations agricoles Tarn (CCN départementale) — identité ET contenu cohérents ('salarié agricole'). Grille pas encore sourcée.
25960,0,6,MISMATCH_A_SIGNALER,,,"Alias de 2596 (coiffure) d'après le code source, mais contenu = 'consultant porté' (portage salarial). Incohérent, à signaler."
30900,0,6,fait,copie depuis entrée jumelle,,"ALIAS de 3090 (spectacle vivant) déjà sourcé ce même session (avenant 21/07/2025 étendu, 1811-3815€/mois). À copier depuis l'entrée 3090, pas une nouvelle recherche."
