idcc,statut_dares,libelle_officiel,nouv_idcc,contenu_actuel_1erniveau,alias_de
16,ACTIF,Convention collective nationale des transports routiers et activités auxiliaires du transport,,"Conducteur(rice) 110M — Véhicule < 3,5T débutant(e) (taux horaire 12,09 €)",
29,ACTIF,"Convention collective nationale des établissements privés d'hospitalisation, de soins, de cure et de garde à but non lucratif (FEHAP, convention de 1951)",,Coef 298 — Agent(e) de service hospitalier débutant(e),
43,ACTIF,Convention collective nationale de l'Import-export et du Commerce international,,Employé(e) administratif(ve) débutant(e),
44,ACTIF,Convention collective nationale des industries chimiques et connexes,,Coef 130 — Ouvrier(ère) / Employé(e) débutant(e) sans qualification,
45,ACTIF,Convention collective nationale du caoutchouc,,Coef 190 — Ouvrier(ère) débutant(e),
83,HISTORIQUE_PERIME,Convention collective nationale des menuiseries charpentes et constructions industrialisées et des portes planes,3222,Ouvrier(ère) débutant(e) — atelier / chantier,
86,ACTIF,Convention collective nationale des entreprises de publicité et assimilées,,Coef 140 — Ouvrier(ère) campagne sucrière débutant(e),
87,HISTORIQUE_PERIME,Convention collective nationale des ouvriers des industries de carrières et de matériaux,3249,Niveau I coef 100 — Ouvrier(ère) d'exécution débutant(e),
112,ACTIF,Convention collective nationale de l'industrie laitière,,Niveau I-1 — Opérateur(rice) laiterie débutant(e),
135,HISTORIQUE_PERIME,Convention collective nationale des employés techniciens et agents de maitrise des industries de carrières et de matériaux,3249,Niveau I coef 100 — Ouvrier(ère) d'exécution débutant(e),
158,ACTIF,"Convention collective nationale du travail mécanique du bois, des scieries, du négoce et de l'importation des bois",,"Coef 100 — Ouvrier(ère) scierie débutant(e) — manutention, tri",
176,ACTIF,Convention collective nationale de l'industrie pharmaceutique,,Coef 120 — Aide-monteur(euse) débutant(e) — production,
179,HISTORIQUE_PERIME,Convention collective nationale du personnel des coopératives de consommation,3205,"Niveau 1A — Employé(e) débutant(e) — vente, caisse",
184,ACTIF,Convention collective nationale de l'imprimerie de labeur et des industries graphiques,,Niveau I A — Opérateur(rice) offset / numérique débutant(e),
200,ACTIF,Convention collective nationale des exploitations frigorifiques,,"Ouvrier(ère) débutant(e) — soufflage, découpe",
207,HISTORIQUE_PERIME,Convention collective nationale de l'industrie des cuirs et peaux,2528,Niveau I-1 — Opérateur(rice) minoterie débutant(e),
211,HISTORIQUE_PERIME,Convention collective nationale des cadres des industries de carrières et matériaux,3249,Niveau I coef 100 — Ouvrier(ère) d'exécution débutant(e),
216,HISTORIQUE_PERIME,Convention collective des mensuels des industries métallurgiques de Saint-Nazaire,1369,Coef 100 — Opérateur(rice) de fabrication débutant(e),
218,ACTIF,Convention collective nationale des organismes de sécurité sociale,,Coef 207 — Secrétaire-standardiste / Employé(e) débutant(e) — niveau 4,
240,HISTORIQUE_PERIME,Convention collective nationale du personnel des greffes des tribunaux de commerce,3244,Clerc débutant(e) — secrétariat juridique,
247,ACTIF,Convention collective nationale des industries de l'habillement,,Coef 100 — Ouvrier(ère) textile débutant(e) — production,
267,HISTORIQUE_PERIME,Convention collective régionale de la quincaillerie commerciaux cadres employés de Bourgogne,1383,Position A — Cadre débutant(e) ingénieur(e) BTP,
275,ACTIF,Convention collective nationale du personnel au sol des entreprises de transport aérien,,Coef 235 — Employé(e) administratif(ve) / Agent(e) d'escale débutant(e),
292,ACTIF,Convention collective nationale de la plasturgie (transformation des matières plastiques),,Niveau I-1 coef 700 — Opérateur(rice) de production débutant(e),
303,ACTIF,Convention collective nationale de la couture parisienne et des autres métiers de la mode,,"Groupe 1 niv.A — Employé(e) / Ouvrier(ère) débutant(e) — aide couture, manutention",
350,HISTORIQUE_PERIME,Convention collective nationale des industries de la mode et de la chapellerie,247,Ouvrier(ère) débutant(e),
354,HISTORIQUE_PERIME,Convention collective nationale de la ganterie de peau,2528,Ouvrier(ère) débutant(e) — coupe/couture gants,
363,HISTORIQUE_PERIME,Convention collective nationale du personnel ingénieurs et cadres de l'industrie de la fabrication des ciments,3233,Position 1 — Ingénieur(e) débutant(e) / Cadre débutant(e),
388,HISTORIQUE_PERIME,Convention collective nationale des auditoriums cinématographiques,3097,"Technicien(ne) son débutant(e) — montage, mixage",
398,HISTORIQUE_PERIME,Convention collective nationale des ouvriers du négoce des matériaux de construction,3216,"Ouvrier(ère) débutant(e) — manutention, livraison",
405,ACTIF,"Convention collective nationale des établissements médico-sociaux de l'union intersyndicale des secteurs sanitaires et sociaux (UNISSS, FFESCPE, convention de 1965, enfants, adolescents )",,Niveau I A — Opérateur(rice) offset / numérique débutant(e),
412,HISTORIQUE_PERIME,Convention collective nationale de travail des guides accompagnateurs et accompagnateurs au service des agences de voyages et de tourisme,3245,OPL débutant(e) — Officier Pilote de Ligne (< 500h ATPL),
413,ACTIF,"Convention collective nationale de travail des établissements et services pour personnes inadaptées et handicapées (convention de 1966, SNAPEI)",,Agent(e) de service hospitalier / Aide-soignant(e) débutant(e),
435,HISTORIQUE_PERIME,Convention collective nationale des acteurs de la production cinématographique,3097,Acteur(rice) — petits rôles / figuration améliorée,
438,HISTORIQUE_PERIME,Convention collective nationale de travail des échelons intermédiaires des services extérieurs de production des sociétés d'assurances,653,"Classe 1 — Employé(e) administratif(ve) débutant(e) — accueil, secrétariat (23 194€/an)",
454,ACTIF,Convention collective nationale des remontées mécaniques et domaines skiables,,"Employé(e) saisonnier(ère) — accueil, billetterie",
478,ACTIF,Convention collective nationale des sociétés financières,,Niveau 1 — Employé(e) débutant(e) — traitement dossiers,
489,ACTIF,Convention collective du personnel des industries du cartonnage,,"Ouvrier(ère) débutant(e) — four, moulage",
493,ACTIF,"Convention collective nationale des vins, cidres, jus de fruits, sirops, spiritueux et liqueurs de France",,"Ouvrier(ère) débutant(e) — scierie, raboterie",
500,ACTIF,"Convention collective nationale des commerces de gros de l’habillement, de la mercerie, de la chaussure et du jouet",,"Employé(e) débutant(e) — magasinier(ère), aide-vendeur(euse)",
504,HISTORIQUE_PERIME,Convention collective nationale des industries alimentaires diverses,3109,Niveau 1 échelon 1 — Ouvrier(ère) débutant(e) sans qualification,
506,HISTORIQUE_PERIME,"Convention collective nationale des fabricants, importateurs et transformateurs de produits exotiques",3109,"Employé(e) débutant(e) — manutention, stockage",
533,HISTORIQUE_PERIME,"Convention collective nationale des employés, techniciens et agents de maitrise du négoce des matériaux de construction",3216,Employé(e) débutant(e),
538,ACTIF,Convention collective nationale du personnel des entreprises de manutention ferroviaire et travaux connexes,,"Manutentionnaire débutant(e) — quai, tri",
567,HISTORIQUE_PERIME,"Convention collective nationale de la bijouterie, joaillerie, orfèvrerie et des activités qui s'y rattachent",3251,Ouvrier(ère) débutant(e) — production jouets,
573,ACTIF,Convention collective nationale des commerces de gros,,"Employé(e) — exécution tâches simples (ex : agent de propreté, gardien, conditionnement)",
598,HISTORIQUE_PERIME,Convention collective nationale de travail des ouvriers de la presse quotidienne régionale,3242,Ouvrier(ère) imprimerie débutant(e),
614,HISTORIQUE_PERIME,Convention collective nationale des industries de la sérigraphie et des procédés d'impression numérique connexes,184,Opérateur(rice) PAO débutant(e),
625,HISTORIQUE_PERIME,Convention collective nationale des cadres et agents de maitrise des services généraux et administratifs des théâtres cinématographiques,1307,Cadre — Responsable salle / Directeur(rice) adjoint(e),
635,HISTORIQUE_PERIME,Convention collective nationale du négoce en fournitures dentaires (annexée à la convention collective nationale des commerces de gros 0573),573,"Employé(e) débutant(e) — vente, magasinage",
637,ACTIF,Convention collective des industries et du commerce de la récupération,,Trieur(euse) / Opérateur(rice) débutant(e),
650,HISTORIQUE_PERIME,Convention collective nationale des ingénieurs et cadres de la métallurgie,3248,Coef 110V — Conducteur(rice) réceptionnaire débutant(e) — car/autobus,
652,HISTORIQUE_PERIME,Convention collective nationale des cadres du négoce des matériaux de construction,3216,Cadre débutant(e) — Responsable commercial(e),
653,ACTIF,Convention collective nationale des salariés commerciaux des sociétés d’assurances,,Producteur(rice) débutant(e),
669,ACTIF,Convention collective nationale des industries de fabrication mécanique du verre,,"Ouvrier(ère) débutant(e) — soufflage, découpe",
673,HISTORIQUE_PERIME,Convention collective nationale de la fourrure (annexée à la convention collective nationale de la couture parisienne 0303),303,Agent(e) d'escale / administratif(ve) débutant(e),
675,ACTIF,Convention collective nationale des maisons à succursales de vente au détail d'habillement,,Niveau A — Employé(e) débutant(e),
698,HISTORIQUE_PERIME,Convention collective de travail des employés de la presse quotidienne régionale,3242,Employé(e) administratif(ve) débutant(e),
700,HISTORIQUE_PERIME,"Convention collective nationale des ingénieurs et cadres de la production des papiers, cartons et celluloses",3238,Opérateur(rice) production débutant(e),
706,HISTORIQUE_PERIME,Convention collective nationale du personnel de la reprographie,1539,Opérateur(rice) reprographie débutant(e),
707,HISTORIQUE_PERIME,Convention collective nationale des ingénieurs et cadres de la transformation des papiers cartons et de la pellicule cellulosique,3238,Cadre débutant(e) — Ingénieur(e) papier,
715,HISTORIQUE_PERIME,Convention collective nationale des instruments à écrire et des industries connexes,489,Ouvrier(ère) production débutant(e),
716,ACTIF,Convention collective nationale des employés et ouvriers de la distribution cinématographique,,"Employé(e) — gestion bobines, programmation",
731,HISTORIQUE_PERIME,"Convention collective nationale des commerces de quincaillerie, fournitures industrielles, fers, métaux et équipement de la maison, cadres",3243,Cadre commercial(e) débutant(e),
733,ACTIF,Convention collective nationale des détaillants en chaussure,,Vendeur(euse) débutant(e),
759,ACTIF,Convention collective nationale des pompes funèbres,,Niveau 1 éch.1 — Porteur(euse) / Chauffeur(euse) débutant(e) (1 836€ < SMIC → SMIC),
776,HISTORIQUE_PERIME,Convention collective nationale du personnel navigant des essais et des réceptions des entreprises de transport aérien,1612,Position 4 — Secrétaire médicale débutante (entrée de grille),
787,ACTIF,Convention collective nationale des cabinets d'experts-comptables et de commissaires aux comptes,,Coef 170 — Aide-comptable / Employé(e) administratif(ve) débutant(e),
800,HISTORIQUE_PERIME,Convention collective nationale des hôtels,1979,"Niveau I-1 — Employé(e) polyvalent(e) débutant(e) — réception, ménage",
802,HISTORIQUE_PERIME,"Convention collective nationale de la distribution de papiers-cartons commerces de gros pour les ouvriers, employés, techniciens et agents de maitrise",3224,Employé(e) débutant(e),
803,HISTORIQUE_PERIME,Convention collective des agents de maîtrise des commerces de gros demi-gros et détail de la quincaillerie et commerces rattachés de la région de limoges limousin Poitou-Charentes,1673,Ouvrier(ère) béton débutant(e),
804,INTROUVABLE_DARES,,,VRP exclusif 1ère année — minimum garanti mensuel,
832,HISTORIQUE_PERIME,Convention collective nationale du personnel ouvrier de l'industrie de la fabrication des ciments,3233,Ouvrier(ère) cimenterie débutant(e),
833,HISTORIQUE_PERIME,"Convention collective nationale du personnel employés, techniciens, dessinateurs et agents de maitrise de l'industrie de la fabrication des ciments",3233,Employé(e) administratif(ve) / technique débutant(e),
843,ACTIF,Convention collective nationale de la boulangerie-pâtisserie entreprises artisanales,,Coef 155 — Aide-boulanger(ère) / Apprenti(e) fin de formation,
846,INTROUVABLE_DARES,,,Opérateur(rice) conditionnement débutant(e),
889,HISTORIQUE_PERIME,Convention collective nationale des employés et techniciens des services généraux et administratifs de l'exploitation des théâtres cinématographiques,1307,"Employé(e) — accueil, contrôle",
892,ACTIF,Convention collective nationale des cadres et agents de maîtrise de la distribution de films de l'industrie cinématographique,,Cadre commercial(e) distribution — films,
897,ACTIF,Convention collective nationale des services de santé au travail interentreprises,,Classe 1 — Secrétaire médical(e) / Agent(e) administratif(ve) débutant(e),
915,ACTIF,Convention collective nationale de la branche des sociétés d'expertises et d'évaluations,,Employé(e) administratif(ve) débutant(e),
925,HISTORIQUE_PERIME,"Convention collective nationale des ingénieurs et cadres de la distribution des papiers et cartons, commerce de gros",3224,Cadre débutant(e) — commercial(e),
951,HISTORIQUE_PERIME,Convention collective nationale des théâtres privés,3090,Technicien(ne) plateau débutant(e),
959,ACTIF,Convention collective nationale des laboratoires de biologie médicale extra-hospitaliers,,Employé(e) administratif(ve) — secrétariat médical,
992,HISTORIQUE_PERIME,"Convention collective nationale de la boucherie, boucherie-charcuterie et boucherie hippophagique, triperie, commerce de volailles et gibiers",3254,Aide-boucher(ère) débutant(e) — apprenti(e),
993,ACTIF,Convention collective nationale des prothésistes dentaires et des personnels des laboratoires de prothèse dentaire,,Apprenti(e) / Aide-charcutier(ère),
998,ACTIF,"Convention collective nationale des ouvriers, employés, techniciens et agents de maîtrise de l'exploitation d'équipements thermiques et de génie climatique",,Ouvrier(ère) débutant(e) — installation chauffage,
1000,HISTORIQUE_PERIME,Convention collective nationale du personnel des cabinets d'avocats,3253,Coef 207 — Secrétaire-standardiste / Employé(e) débutant(e) — niveau 4,
1031,ACTIF,Convention collective nationale de la fédération nationale des associations familiales rurales,,Coef 190 — Ouvrier(ère) débutant(e),
1040,INTROUVABLE_DARES,,,Niveau I Éch.1 — Coiffeur(euse) débutant(e),
1043,ACTIF,"Convention collective nationale des gardiens, concierges et employés d'immeubles",,"Catégorie A — Gardien(ne) débutant(e) — loge, ménages communs",
1044,HISTORIQUE_PERIME,Convention collective nationale de l'horlogerie,3251,Opérateur(rice) production débutant(e),
1077,ACTIF,"Convention collective nationale entreprises du négoce et de l'industrie des produits du sol, engrais et produits connexes",,"Employé(e) débutant(e) — vente, stockage",
1090,ACTIF,"Convention collective nationale des services de l'automobile (commerce et réparation de l'automobile, du cycle et du motocycle, activités connexes, contrôle technique automobile, formation des conducteurs auto-écoles CNPA )",,"Coef 100 — Employé(e) débutant(e) — accueil, secrétariat",
1147,ACTIF,Convention collective du personnel des cabinets médicaux,,Aide dentaire niveau 1 — débutant(e),
1170,ACTIF,Convention collective nationale de l'industrie des tuiles et briques (CCNTB),,Ouvrier(ère) four / moulage débutant(e),
1177,HISTORIQUE_PERIME,Convention collective nationale du personnel ouvrier de l'industrie de la fabrication de la chaux,3151,Niveau I — Vendeur(euse) débutant(e),
1182,ACTIF,Convention collective nationale des personnels des ports de plaisance,,"Ouvrier(ère) production débutant(e) — raffinage, conditionnement",
1237,HISTORIQUE_PERIME,Convention collective nationale des centres de gestion agréés,787,Employé(e) débutant(e) — secrétariat,
1240,HISTORIQUE_PERIME,Convention collective des commerces de détail non alimentaires de Bourg-en-Bresse,1517,Ouvrier(ère) distillerie débutant(e),
1256,ACTIF,"Convention collective nationale des cadres, ingénieurs et assimilés des entreprises de gestion d'équipements thermiques et de climatisation",,Cadre débutant(e) — Ingénieur(e) CVC,
1261,ACTIF,"Convention collective nationale des acteurs du lien social et familial : centres sociaux et socioculturels, associations d'accueil de jeunes enfants, associations de développement social local (SNAECSO)",,Employé(e) administratif(ve) débutant(e),
1266,ACTIF,Convention collective nationale du personnel des entreprises de restauration de collectivités,,Employé(e) administratif(ve) débutant(e),
1267,ACTIF,Convention collective nationale de la pâtisserie,,Apprenti(e) / Aide pâtissier(ère),
1278,HISTORIQUE_PERIME,Convention collective nationale des personnels PACT et ARIM,2336,Employé(e) accueil / administratif(ve),
1285,ACTIF,Convention collective nationale pour les entreprises artistiques et culturelles (SYNDEAC),,Gardien(ne) catégorie A — logement de fonction,
1286,ACTIF,"Convention collective nationale des détaillants, détaillants-fabricants et artisans de la confiserie, chocolaterie, biscuiterie",,Apprenti(e) / Vendeur(euse) débutant(e),
1307,ACTIF,Convention collective nationale de l'exploitation cinématographique,,Employé(e) accueil/caisse débutant(e),
1309,INTROUVABLE_DARES,,,Employé(e) technique PQR niveau I-1,
1311,ACTIF,Convention collective nationale de la restauration ferroviaire,,Employé(e) négoce bois débutant(e) I,
1314,HISTORIQUE_PERIME,"Convention collective nationale des maisons d'alimentation à succursales, supermarchés, hypermarchés, gérants mandataires",,"Employé(e) débutant(e) — caisse, libre-service",
1316,ACTIF,Convention collective nationale des organismes de tourisme social et familial,,Agent(e) blanchisserie débutant(e) I-1,
1321,INTROUVABLE_DARES,,,Employé(e) administratif(ve) I.A,
1351,ACTIF,Convention collective nationale des entreprises de prévention et de sécurité,,AE coef 120 — Agent(e) d'exploitation gardiennage sans qualification,
1370,HISTORIQUE_PERIME,Convention collective régionale du personnel des hôtels de tourisme trois et quatre étoiles luxe de Paris et départements environnants,1979,Ouvrier(ère) chauffagiste débutant(e),
1383,HISTORIQUE_PERIME,"Convention collective nationale des commerces de quincaillerie, fournitures industrielles, fers, métaux et équipement de la maison, employés et personnels de maîtrise",3243,Vendeur(se) chaussures succursaliste débutant(e) I,
1396,ACTIF,Convention collective nationale pour les industries de produits alimentaires élaborés,,Ouvrier(ère) production débutant(e),
1404,ACTIF,"Convention collective nationale métropolitaine des entreprises de la maintenance, distribution et location de matériels agricoles, de travaux publics, de bâtiment, de manutention, de motoculture de plaisance et activités connexes, dite SDLM",,Employé(e) débutant(e) — administration / technique,
1405,ACTIF,Convention collective nationale des entreprises d'expédition et d'exportation de fruits et légumes,,"Employé(e) débutant(e) — tri, préparation",
1408,ACTIF,"Convention collective nationale des entreprises du négoce et de distribution de combustibles solides, liquides, gazeux et produits pétroliers",,Livreur(se) / Employé(e) débutant(e),
1411,ACTIF,Convention collective nationale de la fabrication de l'ameublement,,Employé(e) commercial(e) débutant(e),
1412,ACTIF,"Convention collective nationale des entreprises d'installation sans fabrication, y compris entretien, réparation, dépannage de matériel aéraulique, thermique, frigorifique et connexes",,Ouvrier(ère) débutant(e),
1413,ACTIF,Accord national professionnel relatif aux salariés permanents des entreprises de travail temporaire,,Employé(e) — travail temporaire débutant,
1480,ACTIF,Convention collective nationale de travail des journalistes,,Journaliste débutant(e) — pigiste puis embauche,
1483,ACTIF,Convention collective nationale du commerce de détail de l'habillement et des articles textiles,,Catégorie 1 — Vendeur(euse) débutant(e) ≤ 3 mois,
1486,ACTIF,"Convention collective nationale des bureaux d'études techniques, des cabinets d'ingénieurs-conseils et des sociétés de conseils",,ETAM 1.1 (coef 240) — Employé(e) débutant(e),
1489,INTROUVABLE_DARES,,,Cordonnier(ère) débutant(e) / Employé(e) I,
1499,ACTIF,"Convention collective nationale de la miroiterie, de la transformation et du négoce du verre",,"Employé(e) débutant(e) — administration, technique",
1501,ACTIF,Convention collective nationale de la restauration rapide (restauration livrée),,Équipier(ère) débutant(e) niveau I,
1516,ACTIF,Convention collective nationale des organismes de formation,,Formateur(rice) débutant(e) palier 1 (coef 100-150),
1517,ACTIF,"Convention collective nationale des commerces de détail non alimentaires : antiquités, brocante, galeries d'art (œuvres d'art), arts de la table, coutellerie, droguerie, équipement du foyer, bazars, commerces ménagers, modélisme, jeux, jouets, puérinatalité, maroquinerie, instruments de musique, partitions et accessoires, presse et jeux de hasard ou pronostics, commerces spécialisés en produits de la vape",,Niveau 1 — Vendeur(euse) débutant(e) — max 6 mois (minima conventionnel 1 829€ < SMIC → SMIC applicable),
1518,ACTIF,"Convention collective nationale des métiers de l'éducation, de la culture, des loisirs et de l'animation agissant pour l'utilité sociale et environnementale, au service des territoires (ÉCLAT)",,Groupe A coef 257 — Agent(e) d'accueil / Animateur(rice) débutant(e),
1527,ACTIF,Convention collective nationale de l'immobilier,,Employé(e) niveau 1 — secrétaire débutant(e),
1538,INTROUVABLE_DARES,,,Ouvrier(ère) bijoutier(ère) débutant(e) I,
1539,ACTIF,Convention collective nationale des entreprises du bureau et du numérique Commerces et Services,,Distributeur(rice) débutant(e),
1540,HISTORIQUE_PERIME,Convention collective départementale des commerces de détail non alimentaires de Toulouse et des communes limitrophes,1517,Ouvrier(ère) céramiste débutant(e) O1,
1554,INTROUVABLE_DARES,,,Ouvrier(ère) débutant(e) — conditionnement,
1555,ACTIF,"Convention collective nationale de la fabrication et du commerce des produits à usage pharmaceutique, parapharmaceutique et vétérinaire",,Employé(e) de vente débutant(e),
1557,ACTIF,Convention collective nationale du commerce des articles de sports et d'équipements de loisirs,,Fondeur(euse) / Forgeron(ne) débutant(e),
1561,HISTORIQUE_PERIME,Convention collective nationale de la cordonnerie multiservice,2528,"Ouvrier(ère) débutant(e) — assemblage, ponçage",
1563,HISTORIQUE_PERIME,Convention collective des cadres de la presse hebdomadaire régionale d'information,3242,Ouvrier(ère) débutant(e) — extrusion aluminium,
1564,HISTORIQUE_PERIME,Convention collective des industries de la métallurgie de Saône-et-Loire,3248,"Ouvrier(ère) débutant(e) — cuivre, bronze",
1586,ACTIF,"Convention collective nationale de l'industrie de la salaison, charcuterie en gros et conserves de viandes",,Employé(e) poissonnerie débutant(e),
1588,HISTORIQUE_PERIME,Convention collective nationale du personnel des sociétés coopératives d'HLM,3220,Ouvrier(ère) caoutchouc débutant(e) coef 115,
1592,HISTORIQUE_PERIME,Convention collective de la métallurgie du Valenciennois et du Cambrésis,3248,Ouvrier(ère) / Employé(e) pharma débutant(e) coef 130,
1596,ACTIF,Convention collective nationale concernant les ouvriers employés par les entreprises du bâtiment visées par le décret du 1er mars 1962 -c'est-à-dire occupant jusqu'à 10 salariés-,,Niveau I Position 1 — Ouvrier(ère) d'exécution débutant(e),
1597,ACTIF,Convention collective nationale concernant les ouvriers employés par les entreprises du bâtiment non visées par le décret 1er mars 1962 -c'est-à-dire occupant plus de 10 salariés-,,Niveau I Position 1 — Ouvrier(ère) d'exécution débutant(e),
1598,HISTORIQUE_PERIME,"Convention collective nationale des cabinets ou entreprises de géomètres experts, topographes, photogrammètres, experts fonciers",2543,Ouvrier(ère) cimenterie débutant(e),
1600,HISTORIQUE_PERIME,Convention collective nationale de l'ameublement,1880,Ouvrier(ère) céramiste débutant(e) O1,160
1603,INTROUVABLE_DARES,,,Ouvrier(ère) débutant(e) — conditionnement,
1604,HISTORIQUE_PERIME,Convention collective des industries métallurgiques des arrondissements de Rouen et de Dieppe,3248,Ouvrier(ère) travaux publics d'exécution OE1 (coef 158),
1607,ACTIF,"Convention collective nationale des industries des jeux, jouets, articles de fêtes et ornements de Noël, articles de puériculture et voitures d'enfants modélisme et industries connexes",,Ouvrier(ère) filature coton débutant(e) O1,
1611,ACTIF,Convention collective nationale des entreprises de logistique de communication écrite directe,,Employé(e) entreposage débutant(e) E1,
1624,HISTORIQUE_PERIME,"Convention collective nationale des commerces de gros de Confiserie, chocolaterie, biscuiterie et alimentation fine et des négociants distributeurs de levure",573,Opticien(ne) collaborateur(rice) débutant(e) A1 (BTS optique),
1631,ACTIF,Convention collective nationale de l'hôtellerie de plein air,,Employé(e) 1ère catégorie — agent(e) d'accueil débutant(e),
1636,INTROUVABLE_DARES,,,Agent(e) commercial(e) monocarte / multicarte,
1637,INTROUVABLE_DARES,,,Ardoisier(ère) carrier(ère) débutant(e) sans qualification O1,
1640,HISTORIQUE_PERIME,Convention collective départementale du négoce charbonnier du Rhône,1408,Marbrier(ère) tailleur(se) de pierre débutant(e) O1,164
1648,INTROUVABLE_DARES,,,Ouvrier(ère) électricien(ne) débutant(e) O1,
1649,INTROUVABLE_DARES,,,Ouvrier(ère) électricien(ne) débutant(e) O1,
1651,INTROUVABLE_DARES,,,Ouvrier(ère) / Employé(e) instruments mesure débutant(e) I,
1653,INTROUVABLE_DARES,,,Technicien(ne) orthopédiste débutant(e),
1659,ACTIF,Convention collective nationale du rouissage teillage du lin,,Employé(e) débutant(e) — préparation commandes,
1661,INTROUVABLE_DARES,,,Agent(e) de comptoir débutant(e),
1665,INTROUVABLE_DARES,,,Ouvrier(ère) montage machines agricoles O1,
1666,INTROUVABLE_DARES,,,Employé(e) administratif(ve) débutant(e),
1670,HISTORIQUE_PERIME,Convention collective départementale entre les agents de change de Paris et leurs personnels,1601,Ouvrier(ère) débutant(e) — montage ascenseurs,167
1672,ACTIF,Convention collective nationale des sociétés d'assurances,,Classe 1 — Employé(e) exécution simple — plancher SMIC (< 22 404€/an),
1673,HISTORIQUE_PERIME,"Convention collective des commerces de la quincaillerie, des fers, métaux, et commerces rattaches de la région de Limoges",1383,Secrétaire / Personnel accueil débutant(e),
1678,HISTORIQUE_PERIME,Convention collective nationale des organismes de tourisme à caractère non lucratif,1909,ETAM position 1.1 — Employé(e) / Technicien(ne) débutant(e),
1680,HISTORIQUE_PERIME,Convention collective départementale des ouvriers du bâtiment et des travaux publics de Vaucluse,1780,ETAM position 1.1 — Employé(e) / Technicien(ne) débutant(e),168
1682,INTROUVABLE_DARES,,,Chargé(e) d'études junior niveau I,
1683,INTROUVABLE_DARES,,,Traducteur(rice) débutant(e) niveau I,
1685,INTROUVABLE_DARES,,,Chauffeur(euse) toupie béton débutant(e) — SPL,
1686,ACTIF,"Convention collective nationale des commerces et services de l'audiovisuel, de l'électronique et de l'équipement ménager",,Ouvrier(ère) paysagiste OS1 — palier 1,
1687,INTROUVABLE_DARES,,,Assistant(e) de congrès débutant(e),
1689,HISTORIQUE_PERIME,"Convention collective nationale des fabriques d'articles de papeterie et de bureau : ouvriers, employés, agents de maitrise et cadres",489,Assistant(e) salons/foires débutant(e),
1691,INTROUVABLE_DARES,,,Employé(e) de réception traiteur débutant(e),
1692,HISTORIQUE_PERIME,Convention collective nationale de l'édition,1772,Agent(e) blanchisserie débutant(e) I-1,
1694,INTROUVABLE_DARES,,,Livreur(se) dernier km débutant(e) I,
1695,INTROUVABLE_DARES,,,Ouvrier(ère) tanneur(se) débutant(e) O1,
1702,ACTIF,Convention collective nationale des ouvriers de travaux publics,,Niveau I — Ouvrier(ère) d'exécution débutant(e),
1704,INTROUVABLE_DARES,,,Ouvrier(ère) opticien(ne) débutant(e),
1706,INTROUVABLE_DARES,,,Diagnostiqueur(se) débutant(e) niveau I,
1712,INTROUVABLE_DARES,,,Coursier(ère) / Livreur(euse) débutant(e),
1720,HISTORIQUE_PERIME,Convention collective interrégionale de l'industrie du bois de pin maritime en foret de Gascogne,158,Employé(e) administratif(ve) — assistant(e) recrutement,172
1721,INTROUVABLE_DARES,,,Chargé(e) de mission RH junior I,
1727,INTROUVABLE_DARES,,,Employé(e) administratif(ve) HLM I-1,
1729,INTROUVABLE_DARES,,,Commercial(e) publicité débutant(e),
1730,HISTORIQUE_PERIME,Manutention portuaire Marseille Fos OAM,1763,Ouvrier(ère) imprimeur(se) débutant(e) coef 100,
1734,HISTORIQUE_PERIME,Convention collective des artistes-interprètes engages pour des émissions de télévision,2642,Employé(e) prestataires tertiaire coef 100,
1735,INTROUVABLE_DARES,,,Manutentionnaire / Préparateur(rice) débutant(e),
1740,HISTORIQUE_PERIME,Convention collective régionale des ouvriers du bâtiment de la Région Parisienne,1597,Matelot(te) pêcheur(se) débutant(e) I,
1742,INTROUVABLE_DARES,,,Soignant(e) thalasso débutant(e),
1744,INTROUVABLE_DARES,,,Assistant(e) photographe débutant(e) I,
1747,HISTORIQUE_PERIME,Convention collective des activités industrielles de boulangerie et de pâtisserie,3255,Niveau 1 Éch.1 — Opérateur(rice) conditionnement débutant(e),
1748,INTROUVABLE_DARES,,,ETAM position 1.1 — Employé(e) / Technicien(ne) débutant(e),
1749,INTROUVABLE_DARES,,,ETAM position 1.1 — Employé(e) / Technicien(ne) débutant(e),
1750,HISTORIQUE_PERIME,Convention collective des employés des services auxiliaires de la manutention des ports de Marseille,3017,ETAM position 1.1 — Employé(e) / Technicien(ne) débutant(e),
1751,HISTORIQUE_PERIME,Convention collective des cadres des services auxiliaires de la manutention des ports de Marseille,3017,ETAM position 1.1 — Employé(e) / Technicien(ne) débutant(e),
1753,INTROUVABLE_DARES,,,ETAM position 1.1 — Employé(e) / Technicien(ne) débutant(e),
1757,INTROUVABLE_DARES,,,Agent(e) d'accueil planification familiale I,
1758,HISTORIQUE_PERIME,Convention collective du bâtiment du département du Tarn concernant les ouvriers employés par les entreprises occupant jusqu'a 10 salariés,1596,Agent(e) de service éducatif débutant(e),
1759,HISTORIQUE_PERIME,Convention collective du bâtiment du département du Tarn concernant les ouvriers employés par les entreprises occupant plus de 10 salariés,1597,Agent(e) d'accompagnement débutant(e),
1760,ACTIF,Convention collective nationale des jardineries et graineteries,,Agent(e) d'accueil addictologie,
1761,HISTORIQUE_PERIME,"Convention collective du commerce de gros des tissus, tapis et linge de maison",573,Veilleur(se) de nuit CHRS débutant(e),
1762,INTROUVABLE_DARES,,,Accompagnateur(rice) insertion association intermédiaire I,
1763,HISTORIQUE_PERIME,Convention collective nationale de la manutention portuaire,3017,Salarié(e) chantier insertion débutant(e) I,
1764,INTROUVABLE_DARES,,,Ouvrier(ère) entreprise adaptée débutant(e),
1765,HISTORIQUE_PERIME,Convention collective nationale de la fabrication du verre à la main,1821,Moniteur(rice) d'atelier ESAT débutant(e),
1767,INTROUVABLE_DARES,,,Auxiliaire de puériculture groupe A,
1768,INTROUVABLE_DARES,,,Animateur(rice) ALSH débutant(e) groupe A,
1769,INTROUVABLE_DARES,,,Employé(e) administratif(ve) TP N1,
1770,INTROUVABLE_DARES,,,Employé(e) administratif(ve) / Surveillant(e),
1771,HISTORIQUE_PERIME,Convention collective de travail des industries de la transformation des métaux de la région de Maubeuge (Nord),1813,Moniteur(rice) enseignement agricole privé débutant(e) I,
1775,HISTORIQUE_PERIME,"Convention collective nationale de travail des établissements et services prives sanitaires, sociaux et medico-sociaux",2264,Agent(e) de service scolaire OGEC I,
1776,INTROUVABLE_DARES,,,Agent(e) de service FJT débutant(e),
1779,HISTORIQUE_PERIME,Convention collective du bâtiment de la région Provence-Alpes-Côte d'azur concernant les ouvriers employés par les entreprises occupant jusqu'a 10 salariés,1596,Employé(e) administratif(ve) fédération A,
1780,HISTORIQUE_PERIME,Convention collective du bâtiment de la région Provence-Alpes-Côte d'azur concernant les ouvriers employés par les entreprises occupant plus de 10 salariés,1597,Technicien(ne) audiovisuel(le) débutant(e) niveau I,
1782,INTROUVABLE_DARES,,,Employé(e) administratif(ve) club pro I,
1783,INTROUVABLE_DARES,,,Employé(e) professions libérales débutant(e),
1790,ACTIF,"Convention collective nationale des espaces de loisirs, d'attractions et culturels",,Assistant(e) éditorial(e) musical(e),
1821,ACTIF,"Convention collective nationale des professions regroupées du cristal, du verre et du vitrail",,Ouvrier(ère) débutant(e),
1850,HISTORIQUE_PERIME,Convention collective de l'avocat salarié,1000,Employé(e) comptable débutant(e) coef 100,
1851,INTROUVABLE_DARES,,,Chargé(e) de mission APEC junior I,
1862,INTROUVABLE_DARES,,,"Niveau I — Employé(e) débutant(e) — vente, caisse",
1870,HISTORIQUE_PERIME,Convention collective nationale du golf,2021,Vendeur(se) textile détail débutant(e) I,
1891,INTROUVABLE_DARES,,,Manutentionnaire frigo débutant(e),
1921,HISTORIQUE_PERIME,Convention collective nationale des huissiers de justice,3250,Agent(e) de service N1 — 347 pts,
1965,INTROUVABLE_DARES,,,Secrétaire / Employé(e) de bureau notarial E1,
1966,HISTORIQUE_PERIME,Convention collective des industries métallurgiques du Loiret,3248,Employé(e) promoteur immobilier débutant(e) I-1,
1978,ACTIF,"Convention collective nationale des fleuristes, de la vente et des services des animaux familiers",,Employé(e) crédit mutuel groupe A éch.1,
1979,ACTIF,"Convention collective nationale des hôtels, cafés, restaurants (HCR)",,"Niveau I-1 — Plongeur(euse), aide cuisine, femme de chambre débutant(e)",
1985,HISTORIQUE_PERIME,Convention collective nationale des cafétérias et assimilés,2060,Livreur(se) combustibles débutant(e),
1996,ACTIF,Convention collective nationale de la pharmacie d'officine,,Coef 100 — Employé(e) administratif(ve) débutant(e),
2002,ACTIF,"Convention collective nationale de la blanchisserie, laverie, location de linge, nettoyage à sec, pressing et teinturerie",,Agent(e) conduite ferroviaire débutant(e) A1,
2046,ACTIF,Convention collective nationale du personnel non médical des centres de lutte contre le cancer,,Coef 130 — Ouvrier(ère) débutant(e),
2070,HISTORIQUE_PERIME,Convention collective relative au statut des personnels des organismes de développement économique,5025,Ouvrière petite main / Apprenante haute couture I,
2075,HISTORIQUE_PERIME,"Convention collective nationale des centres immatricules de conditionnement, de commercialisation et de transformation des œufs et des industries en produits d'œufs",1747,Caviste débutant(e),
2098,ACTIF,Convention collective nationale du personnel des prestataires de services dans le domaine du secteur tertiaire,,Téléopérateur(trice) / Téléconseiller(ère) débutant(e),
2104,HISTORIQUE_PERIME,Convention collective nationale du thermalisme,2264,Préparateur(rice) en pharmacie débutant(e) I-1,
2120,ACTIF,Convention collective nationale de la banque,,Niveau A — Employé(e) administratif(ve) débutant(e) (23 387 €/an),
2128,ACTIF,Convention collective nationale de la mutualité,,Coef 200 — Employé(e) administratif(ve) débutant(e) — plancher 22 100€/an,
2140,ALIAS_OK,Convention collective régionale des ouvriers des entreprises de presse de la région parisienne,,Assistant(e) maternel(le) agréé(e) débutant(e) 1A (< 1 an),214
2148,ACTIF,Convention collective nationale des télécommunications,,Employé(e) comptable débutant(e),
2190,ACTIF,Convention collective nationale des missions locales et PAIO des maisons de l'emploi et PLIE,,Agent(e) service hospitalier CLCC,
2205,ACTIF,Convention collective nationale du notariat,,Employé(e) coef 120 — Agent(e) d'accueil / Secrétaire débutant(e),
2216,ACTIF,"Convention collective nationale du commerce de détail et de gros à prédominance alimentaire (entrepôts d'alimentation, supérettes, supermarchés, hypermarchés, grande distribution)",,"Niveau 1A — Employé(e) débutant(e) à l'embauche (caissier/ère, employé/e libre-service)",
2230,HISTORIQUE_PERIME,Convention collective nationale des associations agréées de surveillance de la qualité de l'air,1486,Agent(e) technique débutant(e) niveau I,
2247,ACTIF,Convention collective des entreprises de courtage d'assurances et/ou de réassurances,,Ouvrier(ère) / Employé(e) débutant(e) coef 100,
2264,ACTIF,Convention collective nationale de l'hospitalisation privée,,Position I — Aide-soignant(e) / Agent(e) de service hospitalier débutant(e),
2335,ACTIF,Convention collective nationale du personnel des agences générales d'assurances,,"Classe 1 — Employé(e) administratif(ve) débutant(e) — accueil, secrétariat (23 194€/an)",
2344,HISTORIQUE_PERIME,Convention collective de la sidérurgie,3248,Porteur(euse) / Chauffeur(euse) débutant(e),
2372,ACTIF,Convention collective nationale des entreprises de la distribution directe,,Clerc commissaire de justice débutant(e) I,
2378,INTROUVABLE_DARES,,,Employé(e) de salle / Caissier(ère) I,
2395,HISTORIQUE_PERIME,Convention collective nationale de travail des assistants maternels du particulier employeur,3239,Agent(e) à domicile A — services courants,
2409,HISTORIQUE_PERIME,Convention collective nationale des cadres des travaux publics,3212,Employé(e) administratif(ve),
2420,ACTIF,Convention collective nationale des cadres du bâtiment,,Position A — Cadre débutant(e) (~31 000 €/an),
2511,ACTIF,Convention collective nationale du sport,,Groupe 1 coef 200 — Employé(e) accueil/entretien débutant(e),
2528,ACTIF,"Convention collective nationale de travail des industries de la maroquinerie, articles de voyage, chasse sellerie, gainerie, bracelets en cuir",,Employé(e) saisonnier(ère) débutant(e),
2537,INTROUVABLE_DARES,,,Prothésiste dentaire débutant(e),
2564,HISTORIQUE_PERIME,Convention collective nationale des vétérinaires praticiens salariés,1875,Employé(e) commercial(e) bricolage débutant(e) I,
2582,HISTORIQUE_PERIME,Convention collective des ouvriers des travaux public de la Savoie,1702,Employé(e) administratif(ve),
2583,ACTIF,Convention collective nationale de branche des sociétés concessionnaires ou exploitantes d'autoroutes ou d'ouvrages routiers,,"Employé(e) débutant(e) — vente, accueil",
2596,ACTIF,Convention collective nationale de la coiffure et des professions connexes,,Niveau I Éch.1 — Coiffeur(euse) débutant(e) / BP en cours,
2609,ACTIF,"Convention collective nationale des employés, techniciens et agents de maîtrise du bâtiment",,Niveau A — Employé(e) administratif(ve) / technique débutant(e),
2614,ACTIF,"Convention collective nationale des employés, techniciens et agents de maîtrise des travaux publics",,Niveau A — Employé(e) débutant(e),
2615,HISTORIQUE_PERIME,Convention collective de la métallurgie des Pyrénées-Atlantiques et du Seignanx,3248,Employé(e) administratif(ve) courtage niveau I,
2642,ACTIF,Convention collective nationale de la production audiovisuelle,,Employé(e) publicité débutant(e) N1,
2683,ACTIF,Convention collective nationale du portage de presse,,"Niveau I coef 130 — Vendeur(euse) débutant(e) — accueil, rayon (plancher SMIC)",
2691,ACTIF,Convention collective nationale de l'enseignement privé indépendant,,Employé(e) administratif(ve),
2727,ACTIF,Convention collective nationale des omnipraticiens exerçant dans les centres de santé miniers,,Médecin omnipraticien(ne) salarié(e) débutant(e) < 2 ans I,
2770,HISTORIQUE_PERIME,Convention collective nationale de l'édition phonographique,2121,ETAM position 1.1 — Employé(e) / Technicien(ne) débutant(e),
2931,ACTIF,Convention collective nationale des activités de marchés financiers,,Analyste junior marchés financiers niveau I,
2941,ACTIF,"Convention collective de la branche de l'aide, de l'accompagnement, des soins et des services à domicile",,"Catégorie A — Agent(e) à domicile (coef 308, plancher SMIC)",
2972,ACTIF,Convention collective du personnel sédentaire des entreprises de navigation,,Employé(e) administratif(ve) maritime débutant(e) I,
3013,ACTIF,Convention collective nationale de la librairie,,Libraire débutant(e) indépendant I,
3016,ACTIF,Convention collective nationale des ateliers et chantiers d'insertion,,Salarié(e) en insertion niveau I,
3017,ACTIF,Convention collective nationale unifiée ports et manutention,,Ouvrier(ère) docker débutant(e),
3032,ACTIF,Convention collective nationale de l'esthétique - cosmétique et de l'enseignement technique et professionnel liés aux métiers de l'esthétique et de la parfumerie,,Esthéticien(ne) cosméticien(ne) débutant(e) I (filière beauté),
3043,ACTIF,Convention collective nationale des entreprises de propreté et services associés,,Agent(e) de service contractuel(le) ASC — nettoyage simple débutant(e),
3082,INTROUVABLE_DARES,,,Employé(e) agence assurances niveau I,
3090,ACTIF,Convention collective nationale des entreprises du secteur privé du spectacle vivant,,Employé(e) administratif(ve) débutant(e),
3109,ACTIF,Convention collective nationale des 5 branches industries alimentaires diverses,,Vendeur(euse) débutant(e),
3127,ACTIF,Convention collective nationale des entreprises de services à la personne,,Niveau 1 — Agent(e) d'entretien / Garde d'enfants débutant(e),
3139,INTROUVABLE_DARES,,,Employé(e) saisonnier(ère) débutant(e),
3160,HISTORIQUE_PERIME,Convention collective nationale des associations de gestion et de comptabilité  (annexée à la convention collective nationale du personnel des cabinets d'experts-comptables et de commissaires aux comptes 0787),787,Employé(e) de gestion débutant(e),
3186,INTROUVABLE_DARES,,,Agent(e) de service propreté ASP col. A,
3203,ACTIF,Convention collective nationale des structures associatives de pêche de loisir et de protection du milieu aquatique,,Ouvrier(ère) abattoir débutant(e),
3205,ACTIF,Convention collective nationale du personnel des coopératives de consommation,,Employé(e) administratif(ve) E1,
3217,ACTIF,Convention collective nationale de la branche ferroviaire,,Coef 118 — Auxiliaire ambulancier(ère) débutant(e),
3218,ACTIF,Convention collective nationale de l'enseignement privé non lucratif,,Coursier(ère) / Porteur(se) débutant(e),
3219,ACTIF,Convention collective nationale de branche des salariés en portage salarial,,Technicien(ne) son doublage débutant(e) I,
3220,ACTIF,Convention collective nationale du personnel des offices publics de l'habitat et des sociétés de coordination,,"Employé(e) de maison N1 (ménage, entretien)",
3227,HISTORIQUE_PERIME,Convention collective nationale des industries de la fabrication de la chaux,3249,Salarié(e) agricole FNSEA palier 1A débutant,
3230,ACTIF,"Convention collective nationale des employés, techniciens, agents de maîtrise et cadres de la presse d'information spécialisée",,Niveau 1 — Employé(e) administratif(ve) / secrétariat,
3233,ACTIF,Convention collective nationale de la branche de l'industrie de la fabrication des ciments,,Formateur(rice) N1 (coef 100-150),
3236,ACTIF,Convention collective nationale de l'industrie et des services nautiques ,,Menuisier(ère) / Apprenti(e) facteur(rice) d'orgue I,
3237,ACTIF,Convention collective nationale des métiers du commerce de détail alimentaire spécialisé,,Employé(e) de vente débutant(e),
3238,ACTIF,Convention collective nationale de la production et de la transformation des papiers et cartons,,Ouvrier(ère) papier-carton débutant(e) O1,
3239,ACTIF,Convention collective de la branche du secteur des particuliers employeurs et de l'emploi à domicile,,Niveau 1 — Employé(e) familial(e) — tâches courantes,
3248,ACTIF,Convention collective nationale de la métallurgie,,"Classe A1 — Emploi de production de base (21 700 €/an, plancher SMIC)",
3257,INTROUVABLE_DARES,,,Employé(e) administratif(ve) débutant(e),
3326,INTROUVABLE_DARES,,,Technicien(ne) bâtiment N1 (dessinateur niveau 1) T1,
3381,INTROUVABLE_DARES,,,Employé(e) action sociale familiale débutant(e) I,
4890,ALIAS_OK,Convention collective du personnel des industries du cartonnage,,Ouvrier(ère) débutant(e),489
5001,INTROUVABLE_DARES,,,Ouvrier(ère) / Employé(e) EDF/GDF niveau 1,
5021,INTROUVABLE_DARES,,,Matelot débutant(e),
5730,ALIAS_OK,Convention collective nationale des commerces de gros,,"Employé(e) — exécution tâches simples (ex : agent de propreté, gardien, conditionnement)",573
7016,HISTORIQUE_PERIME,Convention collective nationale de travail concernant les jardiniers et jardiniers-gardiens de propriétés privées,99999,Ouvrier(ère) / Employé(e) débutant(e),
7024,ACTIF,Convention collective nationale PA/CUMA,,"Employé(e) débutant(e) — préparation, magasinage",
7025,ACTIF,Convention collective nationale ETARF,,Ouvrier(ère) fruitier(ère) / légumier(ère) débutant(e) SA,
7502,ACTIF,Convention collective nationale de la Mutualité sociale agricole,,Salarié(e) horticole débutant(e),
7503,ACTIF,Convention collective nationale des distilleries coopératives viticoles et SICA de distillation,,Jardinier(ère) débutant(e) SA — palier 1,
7504,HISTORIQUE_PERIME,Centres d'insémination artificielle animale,7021,Ouvrier(ère) champignonniste débutant(e) SA palier 1,
7505,HISTORIQUE_PERIME,Convention collective nationale du personnel de formation de l'enseignement prive agricole,7520,Palefrenier(ère) / Moniteur(rice) débutant(e),
7506,HISTORIQUE_PERIME,Convention collective nationale du personnel de la vie scolaire de l'enseignement prive agricole,7520,Ouvrier(ère) avicole débutant(e) SA palier 1,
7507,HISTORIQUE_PERIME,Convention collective nationale du personnel administratif technique de l'enseignement prive agricole,7520,Ouvrier(ère) forestier(ère) débutant(e),
7508,ACTIF,"Convention collective nationale des Maisons familiales rurales, instituts ruraux et centres",,Ouvrier(ère) laitier(ère) débutant(e),
7509,HISTORIQUE_PERIME,Convention collective nationale des organismes de formation et de promotion agricoles,7520,Ouvrier(ère) agricole débutant(e),
7511,HISTORIQUE_PERIME,Convention collective nationale du personnel du personnel des associations de salariés de l'agriculture pour la vulgarisation du progrès agricole,,Ouvrier(ère) tabaculteur(rice) débutant(e) SA palier 1,
7512,HISTORIQUE_PERIME,Centres d'économie rurale,7020,Ouvrier(ère) arboriculteur(rice) débutant(e) SA palier 1,
7513,ACTIF,Convention collective nationale des centres d'initiatives pour valoriser l'agriculture et le milieu rural,,Ouvrier(ère) maraîcher(ère) débutant(e) SA palier 1,
7514,ACTIF,Convention collective nationale des organismes de la Confédération paysanne,,Ouvrier(ère) horticole serres débutant(e) SA palier 1,
9001,INTROUVABLE_DARES,,,Palier O.1 — Ouvrier(ère) agricole débutant(e) sans qualification,
9011,ACTIF,Convention collective départementale des exploitations agricoles Ain,,Palier O.1 — Ouvrier(ère) agricole débutant(e) sans qualification,
9021,ACTIF,Convention collective départementale des exploitations polyculture Aisne,,Palier O.1 — Ouvrier(ère) agricole débutant(e) sans qualification,
9031,HISTORIQUE_PERIME,"Exploitations polyculture maraichage entreprises de travaux agricoles et ruraux, coopératives d'utilisation de matériel agricole, Allier",9032,Palier O.1 — Ouvrier(ère) agricole débutant(e) sans qualification,
9051,ACTIF,Convention collective départementale des exploitations polyculture Hautes Alpes,,Palier O.1 — Ouvrier(ère) agricole débutant(e) sans qualification,
9061,ACTIF,Convention collective départementale des exploitations polyculture Alpes Maritimes,,Palier O.1 — Ouvrier(ère) agricole débutant(e) sans qualification,
9071,ACTIF,Convention collective départementale des exploitations agricoles Ardèche,,Palier O.1 — Ouvrier(ère) agricole débutant(e) sans qualification,
9081,ACTIF,Convention collective départementale des exploitations polyculture Ardennes,,Palier O.1 — Ouvrier(ère) agricole débutant(e) sans qualification,
9091,ACTIF,Convention collective départementale des exploitations agricoles Ariège,,Palier O.1 — Ouvrier(ère) agricole débutant(e) sans qualification,
9101,ACTIF,Convention collective départementale des exploitations polyculture Aube,,Palier O.1 — Ouvrier(ère) agricole débutant(e) sans qualification,
9111,ACTIF,Convention collective départementale des exploitations agricoles zone céréalière Aude,,Palier O.1 — Ouvrier(ère) agricole débutant(e) sans qualification,
9121,ACTIF,Convention collective départementale des exploitations agricoles Aveyron,,Palier O.1 — Ouvrier(ère) agricole débutant(e) sans qualification,
9131,ACTIF,Convention collective départementale des exploitations agricoles Bouches du Rhône,,Palier O.1 — Ouvrier(ère) agricole débutant(e) sans qualification,
9141,ACTIF,Convention collective départementale des exploitations polyculture et CUMA Calvados,,Palier O.1 — Ouvrier(ère) agricole débutant(e) sans qualification,
9151,ACTIF,Convention collective départementale des exploitations polyculture Cantal,,Palier O.1 — Ouvrier(ère) agricole débutant(e) sans qualification,
9161,ACTIF,Convention collective départementale des exploitations agricoles Charente,,Palier O.1 — Ouvrier(ère) agricole débutant(e) sans qualification,
9171,ACTIF,Convention collective départementale des exploitations polyculture Charente Maritime,,Palier O.1 — Ouvrier(ère) agricole débutant(e) sans qualification,
9181,ACTIF,Convention collective départementale des exploitations polyculture Cher,,Palier O.1 — Ouvrier(ère) agricole débutant(e) sans qualification,
9191,ACTIF,Convention collective départementale des exploitations agricoles Corrèze,,Palier O.1 — Ouvrier(ère) agricole débutant(e) sans qualification,
9201,ACTIF,Convention collective départementale des exploitations agricoles Corse du Sud,,Palier O.1 — Ouvrier(ère) agricole débutant(e) sans qualification,
9211,ACTIF,Convention collective départementale des exploitations forestières scieries Côte d'or,,Palier O.1 — Ouvrier(ère) agricole débutant(e) sans qualification,
9221,ACTIF,Convention collective départementale des exploitations polyculture Côtes d'Armor,,Palier O.1 — Ouvrier(ère) agricole débutant(e) sans qualification,
9231,ACTIF,Convention collective départementale des exploitations agricoles Creuse,,Palier O.1 — Ouvrier(ère) agricole débutant(e) sans qualification,
9241,ACTIF,Convention collective départementale des exploitations agricoles Dordogne,,Palier O.1 — Ouvrier(ère) agricole débutant(e) sans qualification,
9251,HISTORIQUE_PERIME,Exploitations agricoles Doubs,8434,Palier O.1 — Ouvrier(ère) agricole débutant(e) sans qualification,
9261,ACTIF,Convention collective départementale des exploitations agricoles Drôme,,Palier O.1 — Ouvrier(ère) agricole débutant(e) sans qualification,
9271,HISTORIQUE_PERIME,Bois et forêts Eure,8231,Palier O.1 — Ouvrier(ère) agricole débutant(e) sans qualification,
9281,ACTIF,"Convention collective départementale des exploitations polyculture, élevage et CUMA Eure et Loir",,Palier O.1 — Ouvrier(ère) agricole débutant(e) sans qualification,
9291,ACTIF,"Convention collective départementale des exploitations polyculture, élevage et maraîchage Finistère",,Palier O.1 — Ouvrier(ère) agricole débutant(e) sans qualification,
9301,ACTIF,Convention collective départementale des exploitations agricoles Gard,,Palier O.1 — Ouvrier(ère) agricole débutant(e) sans qualification,
9311,ACTIF,Convention collective départementale des exploitations agricoles Haute Garonne,,Palier O.1 — Ouvrier(ère) agricole débutant(e) sans qualification,
9321,ACTIF,Convention collective départementale des exploitations agricoles Gers,,Palier O.1 — Ouvrier(ère) agricole débutant(e) sans qualification,
9331,ACTIF,Convention collective départementale des exploitations agricoles Gironde,,Palier O.1 — Ouvrier(ère) agricole débutant(e) sans qualification,
9341,ACTIF,Convention collective départementale des exploitations agricoles Hérault,,Palier O.1 — Ouvrier(ère) agricole débutant(e) sans qualification,
9351,ACTIF,"Convention collective départementale des exploitations polyculture, élevage et CUMA Ille et Vilaine",,Palier O.1 — Ouvrier(ère) agricole débutant(e) sans qualification,
9361,ACTIF,"Convention collective départementale des exploitations polyculture, élevage et CUMA Indre",,Palier O.1 — Ouvrier(ère) agricole débutant(e) sans qualification,
9371,ACTIF,"Convention collective départementale des exploitations polyculture, élevage viticulture Indre et Loire",,Palier O.1 — Ouvrier(ère) agricole débutant(e) sans qualification,
9381,HISTORIQUE_PERIME,Exploitations agricoles Isère,9383,Palier O.1 — Ouvrier(ère) agricole débutant(e) sans qualification,
9391,HISTORIQUE_PERIME,Exploitations agricoles Jura,8434,Palier O.1 — Ouvrier(ère) agricole débutant(e) sans qualification,
9401,ACTIF,Convention collective départementale des exploitations agricoles Landes,,Palier O.1 — Ouvrier(ère) agricole débutant(e) sans qualification,
9411,ACTIF,Convention collective départementale des exploitations agricoles Loir et Cher,,Palier O.1 — Ouvrier(ère) agricole débutant(e) sans qualification,
9421,ACTIF,Convention collective départementale des exploitations agricoles Loire,,Palier O.1 — Ouvrier(ère) agricole débutant(e) sans qualification,
9431,INTROUVABLE_DARES,,,Palier O.1 — Ouvrier(ère) agricole débutant(e) sans qualification,
9441,ACTIF,Convention collective départementale des exploitations agricoles Loire Atlantique,,Palier O.1 — Ouvrier(ère) agricole débutant(e) sans qualification,
9451,ACTIF,Convention collective départementale des exploitations polyculture élevage Loiret,,Palier O.1 — Ouvrier(ère) agricole débutant(e) sans qualification,
9461,ACTIF,Convention collective départementale des exploitations agricoles Lot,,Palier O.1 — Ouvrier(ère) agricole débutant(e) sans qualification,
9471,ACTIF,Convention collective départementale des exploitations agricoles Lot et Garonne,,Palier O.1 — Ouvrier(ère) agricole débutant(e) sans qualification,
9481,INTROUVABLE_DARES,,,Palier O.1 — Ouvrier(ère) agricole débutant(e) sans qualification,
9491,ACTIF,"Convention collective départementale des exploitations polyculture, élevage Maine et Loire",,Palier O.1 — Ouvrier(ère) agricole débutant(e) sans qualification,
9501,ACTIF,Convention collective départementale des exploitations agricoles Manche,,Palier O.1 — Ouvrier(ère) agricole débutant(e) sans qualification,
9511,INTROUVABLE_DARES,,,Palier O.1 — Ouvrier(ère) agricole débutant(e) sans qualification,
9521,ACTIF,Convention collective départementale des polyculture pépinières horticulture CUMA Haute Marne,,Palier O.1 — Ouvrier(ère) agricole débutant(e) sans qualification,
9531,ACTIF,Convention collective départementale des exploitations polyculture élevage Mayenne,,Palier O.1 — Ouvrier(ère) agricole débutant(e) sans qualification,
9541,HISTORIQUE_PERIME,"Exploitations agricoles coopératives d'utilisation de matériel agricole, Meurthe et Moselle",8416,Palier O.1 — Ouvrier(ère) agricole débutant(e) sans qualification,
9551,HISTORIQUE_PERIME,Exploitations forestières Meuse,8415,Palier O.1 — Ouvrier(ère) agricole débutant(e) sans qualification,
9561,ACTIF,Convention collective départementale des exploitations polyculture élevage Morbihan,,Palier O.1 — Ouvrier(ère) agricole débutant(e) sans qualification,
9571,HISTORIQUE_PERIME,Exploitations forestières et de sylviculture - sauf ONF - Moselle,8415,Palier O.1 — Ouvrier(ère) agricole débutant(e) sans qualification,
9581,ACTIF,Convention collective départementale des exploitations forestières Nièvre,,Palier O.1 — Ouvrier(ère) agricole débutant(e) sans qualification,
9591,ACTIF,Convention collective départementale des exploitations polyculture élevage Nord,,Palier O.1 — Ouvrier(ère) agricole débutant(e) sans qualification,
9601,ACTIF,Convention collective départementale des exploitations polyculture élevage Oise,,Palier O.1 — Ouvrier(ère) agricole débutant(e) sans qualification,
9611,HISTORIQUE_PERIME,Sylviculture Orne,9613,Palier O.1 — Ouvrier(ère) agricole débutant(e) sans qualification,
9621,ACTIF,Convention collective départementale des exploitations polyculture élevage Pas de Calais,,Palier O.1 — Ouvrier(ère) agricole débutant(e) sans qualification,
9631,ACTIF,Convention collective départementale des exploitations agricoles Puy de Dôme,,Palier O.1 — Ouvrier(ère) agricole débutant(e) sans qualification,
9641,ACTIF,Convention collective départementale des exploitations agricoles Pyrénées Atlantiques,,Palier O.1 — Ouvrier(ère) agricole débutant(e) sans qualification,
9651,ACTIF,Convention collective départementale des exploitations agricoles Hautes Pyrénées,,Palier O.1 — Ouvrier(ère) agricole débutant(e) sans qualification,
9661,ACTIF,Convention collective départementale des exploitations pépinières horticulture Pyrénées Orientales,,Palier O.1 — Ouvrier(ère) agricole débutant(e) sans qualification,
9671,INTROUVABLE_DARES,,,Palier O.1 — Ouvrier(ère) agricole débutant(e) sans qualification,
9681,INTROUVABLE_DARES,,,Palier O.1 — Ouvrier(ère) agricole débutant(e) sans qualification,
9691,ACTIF,Convention collective départementale des exploitations agricoles Rhône,,Palier O.1 — Ouvrier(ère) agricole débutant(e) sans qualification,
9701,HISTORIQUE_PERIME,"Exploitations polyculture, élevage Haute Saône",8434,Palier O.1 — Ouvrier(ère) agricole débutant(e) sans qualification,
9711,ACTIF,Convention collective départementale des exploitations forestières Saône et Loire,,Palier O.1 — Ouvrier(ère) agricole débutant(e) sans qualification,
9721,ACTIF,Convention collective départementale des exploitations polyculture élevage Sarthe,,Palier O.1 — Ouvrier(ère) agricole débutant(e) sans qualification,
9731,HISTORIQUE_PERIME,"Exploitations agricoles entreprises de travaux agricoles et ruraux, coopératives d'utilisation de matériel agricole, Savoie",8826,Palier O.1 — Ouvrier(ère) agricole débutant(e) sans qualification,
9741,HISTORIQUE_PERIME,"Exploitations agricoles cultures spécialisées entreprises de travaux agricoles et ruraux, Haute Savoie",8826,Palier O.1 — Ouvrier(ère) agricole débutant(e) sans qualification,
9751,INTROUVABLE_DARES,,,Palier O.1 — Ouvrier(ère) agricole débutant(e) sans qualification,
9761,ACTIF,Convention collective départementale des exploitations agricoles Seine Maritime,,Palier O.1 — Ouvrier(ère) agricole débutant(e) sans qualification,
9771,HISTORIQUE_PERIME,"Exploitations polyculture élevage coopératives d'utilisation de matériel agricole, entreprises de travaux agricoles et ruraux, Seine et Marne",8117,Palier O.1 — Ouvrier(ère) agricole débutant(e) sans qualification,
9781,INTROUVABLE_DARES,,,Palier O.1 — Ouvrier(ère) agricole débutant(e) sans qualification,
9791,ACTIF,Convention collective départementale des exploitations agricoles Deux Sèvres,,Palier O.1 — Ouvrier(ère) agricole débutant(e) sans qualification,
9801,ACTIF,Convention collective départementale des exploitations forestières Somme,,Palier O.1 — Ouvrier(ère) agricole débutant(e) sans qualification,
9811,ACTIF,Convention collective départementale des exploitations agricoles Tarn,,Salarié(e) agricole palier 1A (débutant),
9821,ACTIF,Convention collective départementale des exploitations agricoles Tarn et Garonne,,Palier O.1 — Ouvrier(ère) agricole débutant(e) sans qualification,
9831,ACTIF,Convention collective départementale des exploitations agricoles Var,,Palier O.1 — Ouvrier(ère) agricole débutant(e) sans qualification,
9841,ACTIF,Convention collective départementale des exploitations agricoles Vaucluse,,Palier O.1 — Ouvrier(ère) agricole débutant(e) sans qualification,
9851,ACTIF,Convention collective départementale des exploitations polyculture élevage Vendée,,Palier O.1 — Ouvrier(ère) agricole débutant(e) sans qualification,
9861,HISTORIQUE_PERIME,Exploitations agricoles Vienne,8542,Palier O.1 — Ouvrier(ère) agricole débutant(e) sans qualification,
9871,ACTIF,Convention collective départementale des exploitations agricoles Haute Vienne,,Palier O.1 — Ouvrier(ère) agricole débutant(e) sans qualification,
9881,HISTORIQUE_PERIME,"Exploitations polyculture élevage et coopératives d'utilisation de matériel agricole, entreprises de travaux agricoles et ruraux, Vosges",8416,Palier O.1 — Ouvrier(ère) agricole débutant(e) sans qualification,
9891,ACTIF,Convention collective départementale des exploitations forestières Yonne,,Palier O.1 — Ouvrier(ère) agricole débutant(e) sans qualification,
9901,HISTORIQUE_PERIME,Exploitations forestières Belfort,8431,Palier O.1 — Ouvrier(ère) agricole débutant(e) sans qualification,
9911,INTROUVABLE_DARES,,,Palier O.1 — Ouvrier(ère) agricole débutant(e) sans qualification,
9921,INTROUVABLE_DARES,,,Palier O.1 — Ouvrier(ère) agricole débutant(e) sans qualification,
16110,ALIAS_OK,Convention collective nationale des entreprises de logistique de communication écrite directe,,Opérateur(rice) emballage / Manutentionnaire débutant(e),1611
21200,ALIAS_OK,Convention collective nationale de la banque,,"Niveau 1A — Employé(e) débutant(e) (accueil, technicien)",2120
25960,ALIAS_OK,Convention collective nationale de la coiffure et des professions connexes,,Consultant(e) porté(e) débutant(e),2596
30900,ALIAS_OK,Convention collective nationale des entreprises du secteur privé du spectacle vivant,,Technicien(ne) spectacle débutant(e) I,3090
1505,ACTIF,Convention collective nationale du commerce de détail alimentaire non spécialisé,,"Employé(e) débutant(e) — vendeur/euse, caissier(ère)",
1606,ACTIF,Convention collective nationale du bricolage,,"Niveau I coef 130 — Vendeur(euse) débutant(e) — accueil, rayon (plancher SMIC)",
2156,ACTIF,Convention collective nationale des grands magasins et des magasins populaires,,"Employé(e) débutant(e) — vendeur(euse), caissier(ère)",
2408,HISTORIQUE_PERIME,"Convention collective de travail des personnels des services administratifs et économiques, des personnels d'éducation et des documentalistes des établissements d'enseignement prives",3211,Agent(e) à domicile — aide aux personnes,
3212,ACTIF,Convention collective nationale des cadres des travaux publics,,Niveau I — Ouvrier(ère) débutant(e),
3255,ACTIF,Convention collective nationale des activités industrielles de boulangerie et pâtisserie et des professionnels de l'œuf,,Catégorie OE A — Opérateur(rice) débutant(e),
7002,ACTIF,"Convention collective nationale des coopératives et SICA de céréales, de meunerie, d'approvisionnement et d'alimentation du bétail et d'oléagineux",,Travailleur(euse) agricole niveau I — manutentionnaire/chauffeur(euse) PL débutant(e),
7004,ACTIF,"Convention collective nationale des coopératives laitières, unions de coopératives laitières et SICA laitières",,Niveau 1 — Ouvrier(ère) débutant(e) (23 936€/an → mensuel),
1794,ACTIF,Convention collective nationale du personnel des institutions de retraites complémentaires et de prévoyance,,Journaliste débutant(e) — 1ère année de presse,
1388,ACTIF,Convention collective nationale de l'industrie du pétrole,,Employé(e) débutant(e) — raffinage,
